node_id,bench_id,impl_id,func_id,region_id,obj_cols,obj_rows,obj_levels,threads,runs,runtime,efficiency
gauss3,e_efficiency_by_applyruns,nonlinear_precalc,mul2,apply,1600,1600,1600,128,1,1.62799,1.0
gauss3,e_efficiency_by_applyruns,nonlinear_precalc,mul2,overall,1600,1600,1600,128,1,7.57143,1.0
gauss3,e_efficiency_by_applyruns,nonlinear,mul2,apply,1600,1600,1600,128,1,1.2969,1.2552933919346134
gauss3,e_efficiency_by_applyruns,nonlinear,mul2,overall,1600,1600,1600,128,1,3.024,2.503779761904762
gauss3,e_efficiency_by_applyruns,nonlinear_precalc,mul2,apply,1600,1600,1600,128,10,16.186,1.0
gauss3,e_efficiency_by_applyruns,nonlinear_precalc,mul2,overall,1600,1600,1600,128,10,22.1594,1.0
gauss3,e_efficiency_by_applyruns,nonlinear,mul2,apply,1600,1600,1600,128,10,12.928,1.2520111386138613
gauss3,e_efficiency_by_applyruns,nonlinear,mul2,overall,1600,1600,1600,128,10,14.5879,1.5190260421308073
gauss3,e_efficiency_by_applyruns,nonlinear_precalc,mul2,apply,1600,1600,1600,128,20,32.387,1.0
gauss3,e_efficiency_by_applyruns,nonlinear_precalc,mul2,overall,1600,1600,1600,128,20,38.3348,1.0
gauss3,e_efficiency_by_applyruns,nonlinear,mul2,apply,1600,1600,1600,128,20,25.874,1.2517198732318158
gauss3,e_efficiency_by_applyruns,nonlinear,mul2,overall,1600,1600,1600,128,20,27.5539,1.3912658462141476
gauss3,e_efficiency_by_applyruns,nonlinear_precalc,mul2,apply,1600,1600,1600,128,30,48.7144,1.0
gauss3,e_efficiency_by_applyruns,nonlinear_precalc,mul2,overall,1600,1600,1600,128,30,54.6753,1.0
gauss3,e_efficiency_by_applyruns,nonlinear,mul2,apply,1600,1600,1600,128,30,38.7495,1.2571620278971343
gauss3,e_efficiency_by_applyruns,nonlinear,mul2,overall,1600,1600,1600,128,30,40.4373,1.3521006595395835
gauss3,e_efficiency_by_applyruns,nonlinear_precalc,mul2,apply,1600,1600,1600,128,40,64.806,1.0
gauss3,e_efficiency_by_applyruns,nonlinear_precalc,mul2,overall,1600,1600,1600,128,40,70.8262,1.0
gauss3,e_efficiency_by_applyruns,nonlinear,mul2,apply,1600,1600,1600,128,40,51.711,1.2532343215176656
gauss3,e_efficiency_by_applyruns,nonlinear,mul2,overall,1600,1600,1600,128,40,53.3938,1.3264873449726373
gauss3,e_efficiency_by_applyruns,nonlinear_precalc,mul2,apply,1600,1600,1600,128,50,81.1789,1.0
gauss3,e_efficiency_by_applyruns,nonlinear_precalc,mul2,overall,1600,1600,1600,128,50,87.1658,1.0
gauss3,e_efficiency_by_applyruns,nonlinear,mul2,apply,1600,1600,1600,128,50,64.5245,1.258109710265093
gauss3,e_efficiency_by_applyruns,nonlinear,mul2,overall,1600,1600,1600,128,50,66.213,1.316445411022005
gauss3,e_efficiency_by_applyruns,nonlinear_precalc,mul2,apply,1600,1600,1600,128,60,97.19,1.0
gauss3,e_efficiency_by_applyruns,nonlinear_precalc,mul2,overall,1600,1600,1600,128,60,103.132,1.0
gauss3,e_efficiency_by_applyruns,nonlinear,mul2,apply,1600,1600,1600,128,60,76.9898,1.2623750159111986
gauss3,e_efficiency_by_applyruns,nonlinear,mul2,overall,1600,1600,1600,128,60,78.6714,1.3109211225426267
gauss3,e_efficiency_by_applyruns,nonlinear_precalc,mul2,apply,1600,1600,1600,128,70,113.323,1.0
gauss3,e_efficiency_by_applyruns,nonlinear_precalc,mul2,overall,1600,1600,1600,128,70,119.286,1.0
gauss3,e_efficiency_by_applyruns,nonlinear,mul2,apply,1600,1600,1600,128,70,89.69,1.2634964879027761
gauss3,e_efficiency_by_applyruns,nonlinear,mul2,overall,1600,1600,1600,128,70,91.409,1.3049699701342319
gauss3,e_efficiency_by_applyruns,nonlinear_precalc,mul2,apply,1600,1600,1600,128,80,129.554,1.0
gauss3,e_efficiency_by_applyruns,nonlinear_precalc,mul2,overall,1600,1600,1600,128,80,135.512,1.0
gauss3,e_efficiency_by_applyruns,nonlinear,mul2,apply,1600,1600,1600,128,80,102.192,1.2677509002661658
gauss3,e_efficiency_by_applyruns,nonlinear,mul2,overall,1600,1600,1600,128,80,103.859,1.304768965616846
gauss3,e_efficiency_by_applyruns,nonlinear_precalc,mul2,apply,1600,1600,1600,128,90,145.917,1.0
gauss3,e_efficiency_by_applyruns,nonlinear_precalc,mul2,overall,1600,1600,1600,128,90,151.862,1.0
gauss3,e_efficiency_by_applyruns,nonlinear,mul2,apply,1600,1600,1600,128,90,114.931,1.269605241405713
gauss3,e_efficiency_by_applyruns,nonlinear,mul2,overall,1600,1600,1600,128,90,116.616,1.3022398298689717
gauss3,e_efficiency_by_applyruns,nonlinear_precalc,mul2,apply,1600,1600,1600,128,100,161.992,1.0
gauss3,e_efficiency_by_applyruns,nonlinear_precalc,mul2,overall,1600,1600,1600,128,100,167.948,1.0
gauss3,e_efficiency_by_applyruns,nonlinear,mul2,apply,1600,1600,1600,128,100,127.337,1.2721518490305253
gauss3,e_efficiency_by_applyruns,nonlinear,mul2,overall,1600,1600,1600,128,100,129.012,1.3018013828171024
gauss3,e_efficiency_by_applyruns,nonlinear_precalc,mul2,apply,1600,1600,1600,128,110,178.19,1.0
gauss3,e_efficiency_by_applyruns,nonlinear_precalc,mul2,overall,1600,1600,1600,128,110,184.162,1.0
gauss3,e_efficiency_by_applyruns,nonlinear,mul2,apply,1600,1600,1600,128,110,139.817,1.274451604597438
gauss3,e_efficiency_by_applyruns,nonlinear,mul2,overall,1600,1600,1600,128,110,141.493,1.3015626214724405
gauss3,e_efficiency_by_applyruns,nonlinear_precalc,mul2,apply,1600,1600,1600,128,120,193.863,1.0
gauss3,e_efficiency_by_applyruns,nonlinear_precalc,mul2,overall,1600,1600,1600,128,120,199.846,1.0
gauss3,e_efficiency_by_applyruns,nonlinear,mul2,apply,1600,1600,1600,128,120,152.505,1.2711911084882463
gauss3,e_efficiency_by_applyruns,nonlinear,mul2,overall,1600,1600,1600,128,120,154.158,1.2963712554651723
gauss3,e_efficiency_by_applyruns,nonlinear_precalc,mul2,apply,1600,1600,1600,128,130,209.924,1.0
gauss3,e_efficiency_by_applyruns,nonlinear_precalc,mul2,overall,1600,1600,1600,128,130,215.893,1.0
gauss3,e_efficiency_by_applyruns,nonlinear,mul2,apply,1600,1600,1600,128,130,164.894,1.2730845270294857
gauss3,e_efficiency_by_applyruns,nonlinear,mul2,overall,1600,1600,1600,128,130,166.56,1.2961875600384245
gauss3,e_efficiency_by_applyruns,nonlinear_precalc,mul2,apply,1600,1600,1600,128,140,225.661,1.0
gauss3,e_efficiency_by_applyruns,nonlinear_precalc,mul2,overall,1600,1600,1600,128,140,231.646,1.0
gauss3,e_efficiency_by_applyruns,nonlinear,mul2,apply,1600,1600,1600,128,140,177.589,1.2706924415363565
gauss3,e_efficiency_by_applyruns,nonlinear,mul2,overall,1600,1600,1600,128,140,179.273,1.292141036296598
gauss3,e_efficiency_by_applyruns,nonlinear_precalc,mul2,apply,1600,1600,1600,128,150,241.623,1.0
gauss3,e_efficiency_by_applyruns,nonlinear_precalc,mul2,overall,1600,1600,1600,128,150,247.567,1.0
gauss3,e_efficiency_by_applyruns,nonlinear,mul2,apply,1600,1600,1600,128,150,190.21,1.27029598864413
gauss3,e_efficiency_by_applyruns,nonlinear,mul2,overall,1600,1600,1600,128,150,191.863,1.2903321640962562
gauss3,e_efficiency_by_applyruns,nonlinear_precalc,mul2,apply,1600,1600,1600,128,160,257.908,1.0
gauss3,e_efficiency_by_applyruns,nonlinear_precalc,mul2,overall,1600,1600,1600,128,160,263.852,1.0
gauss3,e_efficiency_by_applyruns,nonlinear,mul2,apply,1600,1600,1600,128,160,202.362,1.2744882932566393
gauss3,e_efficiency_by_applyruns,nonlinear,mul2,overall,1600,1600,1600,128,160,204.02,1.2932653661405742
gauss3,e_efficiency_by_applyruns,nonlinear_precalc,mul2,apply,1600,1600,1600,128,170,273.38,1.0
gauss3,e_efficiency_by_applyruns,nonlinear_precalc,mul2,overall,1600,1600,1600,128,170,279.32,1.0
gauss3,e_efficiency_by_applyruns,nonlinear,mul2,apply,1600,1600,1600,128,170,214.955,1.27180107464353
gauss3,e_efficiency_by_applyruns,nonlinear,mul2,overall,1600,1600,1600,128,170,216.62,1.2894469578062966
gauss3,e_efficiency_by_applyruns,nonlinear_precalc,mul2,apply,1600,1600,1600,128,180,289.533,1.0
gauss3,e_efficiency_by_applyruns,nonlinear_precalc,mul2,overall,1600,1600,1600,128,180,295.485,1.0
gauss3,e_efficiency_by_applyruns,nonlinear,mul2,apply,1600,1600,1600,128,180,226.754,1.2768595041322315
gauss3,e_efficiency_by_applyruns,nonlinear,mul2,overall,1600,1600,1600,128,180,228.413,1.2936435316728907

gauss3,e_efficiency_by_applyruns,nonlinear_precalc,pow2,apply,1600,1600,1600,128,1,1.617,1.0
gauss3,e_efficiency_by_applyruns,nonlinear_precalc,pow2,overall,1600,1600,1600,128,1,7.61321,1.0
gauss3,e_efficiency_by_applyruns,nonlinear,pow2,apply,1600,1600,1600,128,1,1.29445,1.2491791880721541
gauss3,e_efficiency_by_applyruns,nonlinear,pow2,overall,1600,1600,1600,128,1,2.96043,2.5716568201241032
gauss3,e_efficiency_by_applyruns,nonlinear_precalc,pow2,apply,1600,1600,1600,128,10,16.231,1.0
gauss3,e_efficiency_by_applyruns,nonlinear_precalc,pow2,overall,1600,1600,1600,128,10,22.1341,1.0
gauss3,e_efficiency_by_applyruns,nonlinear,pow2,apply,1600,1600,1600,128,10,12.921,1.2561721229007046
gauss3,e_efficiency_by_applyruns,nonlinear,pow2,overall,1600,1600,1600,128,10,14.6242,1.5135255261826288
gauss3,e_efficiency_by_applyruns,nonlinear_precalc,pow2,apply,1600,1600,1600,128,20,32.348,1.0
gauss3,e_efficiency_by_applyruns,nonlinear_precalc,pow2,overall,1600,1600,1600,128,20,38.3245,1.0
gauss3,e_efficiency_by_applyruns,nonlinear,pow2,apply,1600,1600,1600,128,20,25.8356,1.2520707860471598
gauss3,e_efficiency_by_applyruns,nonlinear,pow2,overall,1600,1600,1600,128,20,27.4913,1.3940592114596255
gauss3,e_efficiency_by_applyruns,nonlinear_precalc,pow2,apply,1600,1600,1600,128,30,48.666,1.0
gauss3,e_efficiency_by_applyruns,nonlinear_precalc,pow2,overall,1600,1600,1600,128,30,54.6233,1.0
gauss3,e_efficiency_by_applyruns,nonlinear,pow2,apply,1600,1600,1600,128,30,38.6363,1.2595926628585035
gauss3,e_efficiency_by_applyruns,nonlinear,pow2,overall,1600,1600,1600,128,30,40.3386,1.3541198752559582
gauss3,e_efficiency_by_applyruns,nonlinear_precalc,pow2,apply,1600,1600,1600,128,40,64.658,1.0
gauss3,e_efficiency_by_applyruns,nonlinear_precalc,pow2,overall,1600,1600,1600,128,40,70.5756,1.0
gauss3,e_efficiency_by_applyruns,nonlinear,pow2,apply,1600,1600,1600,128,40,51.63,1.252333914390858
gauss3,e_efficiency_by_applyruns,nonlinear,pow2,overall,1600,1600,1600,128,40,53.2959,1.3242219382729252
gauss3,e_efficiency_by_applyruns,nonlinear_precalc,pow2,apply,1600,1600,1600,128,50,80.9608,1.0
gauss3,e_efficiency_by_applyruns,nonlinear_precalc,pow2,overall,1600,1600,1600,128,50,86.8817,1.0
gauss3,e_efficiency_by_applyruns,nonlinear,pow2,apply,1600,1600,1600,128,50,64.459,1.2560045920662748
gauss3,e_efficiency_by_applyruns,nonlinear,pow2,overall,1600,1600,1600,128,50,66.1482,1.313440123843128
gauss3,e_efficiency_by_applyruns,nonlinear_precalc,pow2,apply,1600,1600,1600,128,60,97.186,1.0
gauss3,e_efficiency_by_applyruns,nonlinear_precalc,pow2,overall,1600,1600,1600,128,60,103.112,1.0
gauss3,e_efficiency_by_applyruns,nonlinear,pow2,apply,1600,1600,1600,128,60,77.017,1.2618772478803382
gauss3,e_efficiency_by_applyruns,nonlinear,pow2,overall,1600,1600,1600,128,60,78.6848,1.3104436943348652
gauss3,e_efficiency_by_applyruns,nonlinear_precalc,pow2,apply,1600,1600,1600,128,70,113.469,1.0
gauss3,e_efficiency_by_applyruns,nonlinear_precalc,pow2,overall,1600,1600,1600,128,70,119.427,1.0
gauss3,e_efficiency_by_applyruns,nonlinear,pow2,apply,1600,1600,1600,128,70,89.6846,1.2652004915002129
gauss3,e_efficiency_by_applyruns,nonlinear,pow2,overall,1600,1600,1600,128,70,91.3606,1.3072046374476525
gauss3,e_efficiency_by_applyruns,nonlinear_precalc,pow2,apply,1600,1600,1600,128,80,129.363,1.0
gauss3,e_efficiency_by_applyruns,nonlinear_precalc,pow2,overall,1600,1600,1600,128,80,135.284,1.0
gauss3,e_efficiency_by_applyruns,nonlinear,pow2,apply,1600,1600,1600,128,80,102.259,1.2650524648197226
gauss3,e_efficiency_by_applyruns,nonlinear,pow2,overall,1600,1600,1600,128,80,103.931,1.3016713011517256
gauss3,e_efficiency_by_applyruns,nonlinear_precalc,pow2,apply,1600,1600,1600,128,90,145.496,1.0
gauss3,e_efficiency_by_applyruns,nonlinear_precalc,pow2,overall,1600,1600,1600,128,90,151.42,1.0
gauss3,e_efficiency_by_applyruns,nonlinear,pow2,apply,1600,1600,1600,128,90,114.841,1.2669342830522201
gauss3,e_efficiency_by_applyruns,nonlinear,pow2,overall,1600,1600,1600,128,90,116.532,1.29938557649401
gauss3,e_efficiency_by_applyruns,nonlinear_precalc,pow2,apply,1600,1600,1600,128,100,162.131,1.0
gauss3,e_efficiency_by_applyruns,nonlinear_precalc,pow2,overall,1600,1600,1600,128,100,168.076,1.0
gauss3,e_efficiency_by_applyruns,nonlinear,pow2,apply,1600,1600,1600,128,100,127.31,1.2735134710549054
gauss3,e_efficiency_by_applyruns,nonlinear,pow2,overall,1600,1600,1600,128,100,129,1.3029147286821705
gauss3,e_efficiency_by_applyruns,nonlinear_precalc,pow2,apply,1600,1600,1600,128,110,178.074,1.0
gauss3,e_efficiency_by_applyruns,nonlinear_precalc,pow2,overall,1600,1600,1600,128,110,183.995,1.0
gauss3,e_efficiency_by_applyruns,nonlinear,pow2,apply,1600,1600,1600,128,110,139.714,1.274560888672574
gauss3,e_efficiency_by_applyruns,nonlinear,pow2,overall,1600,1600,1600,128,110,141.388,1.3013480634848784
gauss3,e_efficiency_by_applyruns,nonlinear_precalc,pow2,apply,1600,1600,1600,128,120,194.113,1.0
gauss3,e_efficiency_by_applyruns,nonlinear_precalc,pow2,overall,1600,1600,1600,128,120,200.064,1.0
gauss3,e_efficiency_by_applyruns,nonlinear,pow2,apply,1600,1600,1600,128,120,152.53,1.2726217793221006
gauss3,e_efficiency_by_applyruns,nonlinear,pow2,overall,1600,1600,1600,128,120,154.218,1.2972804730965257
gauss3,e_efficiency_by_applyruns,nonlinear_precalc,pow2,apply,1600,1600,1600,128,130,210.171,1.0
gauss3,e_efficiency_by_applyruns,nonlinear_precalc,pow2,overall,1600,1600,1600,128,130,216.088,1.0
gauss3,e_efficiency_by_applyruns,nonlinear,pow2,apply,1600,1600,1600,128,130,164.966,1.2740261629669143
gauss3,e_efficiency_by_applyruns,nonlinear,pow2,overall,1600,1600,1600,128,130,166.641,1.2967276960651941
gauss3,e_efficiency_by_applyruns,nonlinear_precalc,pow2,apply,1600,1600,1600,128,140,225.885,1.0
gauss3,e_efficiency_by_applyruns,nonlinear_precalc,pow2,overall,1600,1600,1600,128,140,231.795,1.0
gauss3,e_efficiency_by_applyruns,nonlinear,pow2,apply,1600,1600,1600,128,140,177.849,1.2700942934736772
gauss3,e_efficiency_by_applyruns,nonlinear,pow2,overall,1600,1600,1600,128,140,179.553,1.2909558737531537
gauss3,e_efficiency_by_applyruns,nonlinear_precalc,pow2,apply,1600,1600,1600,128,150,242.022,1.0
gauss3,e_efficiency_by_applyruns,nonlinear_precalc,pow2,overall,1600,1600,1600,128,150,247.952,1.0
gauss3,e_efficiency_by_applyruns,nonlinear,pow2,apply,1600,1600,1600,128,150,190.033,1.2735787994716707
gauss3,e_efficiency_by_applyruns,nonlinear,pow2,overall,1600,1600,1600,128,150,191.69,1.2935051385048777

gauss3,e_efficiency_by_applyruns,nonlinear_precalc,exp,apply,1600,1600,1600,128,1,1.623,1.0
gauss3,e_efficiency_by_applyruns,nonlinear_precalc,exp,overall,1600,1600,1600,128,1,7.57282,1.0
gauss3,e_efficiency_by_applyruns,nonlinear,exp,apply,1600,1600,1600,128,1,1.37832,1.1775204596900575
gauss3,e_efficiency_by_applyruns,nonlinear,exp,overall,1600,1600,1600,128,1,3.08553,2.454301205951652
gauss3,e_efficiency_by_applyruns,nonlinear_precalc,exp,apply,1600,1600,1600,128,10,16.227,1.0
gauss3,e_efficiency_by_applyruns,nonlinear_precalc,exp,overall,1600,1600,1600,128,10,22.2673,1.0
gauss3,e_efficiency_by_applyruns,nonlinear,exp,apply,1600,1600,1600,128,10,14.019,1.1575005349882304
gauss3,e_efficiency_by_applyruns,nonlinear,exp,overall,1600,1600,1600,128,10,15.7642,1.4125233123152459
gauss3,e_efficiency_by_applyruns,nonlinear_precalc,exp,apply,1600,1600,1600,128,20,32.395,1.0
gauss3,e_efficiency_by_applyruns,nonlinear_precalc,exp,overall,1600,1600,1600,128,20,38.3278,1.0
gauss3,e_efficiency_by_applyruns,nonlinear,exp,apply,1600,1600,1600,128,20,27.7833,1.1659882015455327
gauss3,e_efficiency_by_applyruns,nonlinear,exp,overall,1600,1600,1600,128,20,29.509,1.2988511979396118
gauss3,e_efficiency_by_applyruns,nonlinear_precalc,exp,apply,1600,1600,1600,128,30,48.654,1.0
gauss3,e_efficiency_by_applyruns,nonlinear_precalc,exp,overall,1600,1600,1600,128,30,54.5775,1.0
gauss3,e_efficiency_by_applyruns,nonlinear,exp,apply,1600,1600,1600,128,30,41.4088,1.1749676397287534
gauss3,e_efficiency_by_applyruns,nonlinear,exp,overall,1600,1600,1600,128,30,43.104,1.2661817928730512
gauss3,e_efficiency_by_applyruns,nonlinear_precalc,exp,apply,1600,1600,1600,128,40,64.845,1.0
gauss3,e_efficiency_by_applyruns,nonlinear_precalc,exp,overall,1600,1600,1600,128,40,70.7981,1.0
gauss3,e_efficiency_by_applyruns,nonlinear,exp,apply,1600,1600,1600,128,40,55.6281,1.165687844812244
gauss3,e_efficiency_by_applyruns,nonlinear,exp,overall,1600,1600,1600,128,40,57.3173,1.235196005394532
gauss3,e_efficiency_by_applyruns,nonlinear_precalc,exp,apply,1600,1600,1600,128,50,81.054,1.0
gauss3,e_efficiency_by_applyruns,nonlinear_precalc,exp,overall,1600,1600,1600,128,50,87.0293,1.0
gauss3,e_efficiency_by_applyruns,nonlinear,exp,apply,1600,1600,1600,128,50,69.5638,1.1651749904404303
gauss3,e_efficiency_by_applyruns,nonlinear,exp,overall,1600,1600,1600,128,50,71.2715,1.221095388759883
gauss3,e_efficiency_by_applyruns,nonlinear_precalc,exp,apply,1600,1600,1600,128,60,97.15,1.0
gauss3,e_efficiency_by_applyruns,nonlinear_precalc,exp,overall,1600,1600,1600,128,60,103.147,1.0
gauss3,e_efficiency_by_applyruns,nonlinear,exp,apply,1600,1600,1600,128,60,83.2025,1.1676331840990355
gauss3,e_efficiency_by_applyruns,nonlinear,exp,overall,1600,1600,1600,128,60,84.9416,1.2143284327114159
gauss3,e_efficiency_by_applyruns,nonlinear_precalc,exp,apply,1600,1600,1600,128,70,113.534,1.0
gauss3,e_efficiency_by_applyruns,nonlinear_precalc,exp,overall,1600,1600,1600,128,70,119.475,1.0
gauss3,e_efficiency_by_applyruns,nonlinear,exp,apply,1600,1600,1600,128,70,96.4844,1.1767083590715184
gauss3,e_efficiency_by_applyruns,nonlinear,exp,overall,1600,1600,1600,128,70,98.1496,1.2172744463553595
gauss3,e_efficiency_by_applyruns,nonlinear_precalc,exp,apply,1600,1600,1600,128,80,129.532,1.0
gauss3,e_efficiency_by_applyruns,nonlinear_precalc,exp,overall,1600,1600,1600,128,80,135.508,1.0
gauss3,e_efficiency_by_applyruns,nonlinear,exp,apply,1600,1600,1600,128,80,111.355,1.1632346998338647
gauss3,e_efficiency_by_applyruns,nonlinear,exp,overall,1600,1600,1600,128,80,113.043,1.1987296869332908
gauss3,e_efficiency_by_applyruns,nonlinear_precalc,exp,apply,1600,1600,1600,128,90,145.388,1.0
gauss3,e_efficiency_by_applyruns,nonlinear_precalc,exp,overall,1600,1600,1600,128,90,151.352,1.0
gauss3,e_efficiency_by_applyruns,nonlinear,exp,apply,1600,1600,1600,128,90,124.245,1.1701718379009216
gauss3,e_efficiency_by_applyruns,nonlinear,exp,overall,1600,1600,1600,128,90,125.906,1.2021031563229712
gauss3,e_efficiency_by_applyruns,nonlinear_precalc,exp,apply,1600,1600,1600,128,100,161.964,1.0
gauss3,e_efficiency_by_applyruns,nonlinear_precalc,exp,overall,1600,1600,1600,128,100,167.919,1.0
gauss3,e_efficiency_by_applyruns,nonlinear,exp,apply,1600,1600,1600,128,100,137.987,1.1737627457659054
gauss3,e_efficiency_by_applyruns,nonlinear,exp,overall,1600,1600,1600,128,100,139.676,1.2022036713537045
gauss3,e_efficiency_by_applyruns,nonlinear_precalc,exp,apply,1600,1600,1600,128,110,178.008,1.0
gauss3,e_efficiency_by_applyruns,nonlinear_precalc,exp,overall,1600,1600,1600,128,110,183.931,1.0
gauss3,e_efficiency_by_applyruns,nonlinear,exp,apply,1600,1600,1600,128,110,152.359,1.1683458148189474
gauss3,e_efficiency_by_applyruns,nonlinear,exp,overall,1600,1600,1600,128,110,154.051,1.1939617399432658
gauss3,e_efficiency_by_applyruns,nonlinear_precalc,exp,apply,1600,1600,1600,128,120,194.191,1.0
gauss3,e_efficiency_by_applyruns,nonlinear_precalc,exp,overall,1600,1600,1600,128,120,200.193,1.0
gauss3,e_efficiency_by_applyruns,nonlinear,exp,apply,1600,1600,1600,128,120,166.136,1.168867674676169
gauss3,e_efficiency_by_applyruns,nonlinear,exp,overall,1600,1600,1600,128,120,167.813,1.1929528701590462
gauss3,e_efficiency_by_applyruns,nonlinear_precalc,exp,apply,1600,1600,1600,128,130,210.156,1.0
gauss3,e_efficiency_by_applyruns,nonlinear_precalc,exp,overall,1600,1600,1600,128,130,216.115,1.0
gauss3,e_efficiency_by_applyruns,nonlinear,exp,apply,1600,1600,1600,128,130,180.79,1.1624315504176117
gauss3,e_efficiency_by_applyruns,nonlinear,exp,overall,1600,1600,1600,128,130,182.45,1.184516305837216
gauss3,e_efficiency_by_applyruns,nonlinear_precalc,exp,apply,1600,1600,1600,128,140,225.706,1.0
gauss3,e_efficiency_by_applyruns,nonlinear_precalc,exp,overall,1600,1600,1600,128,140,231.658,1.0
gauss3,e_efficiency_by_applyruns,nonlinear,exp,apply,1600,1600,1600,128,140,194.437,1.1608181570380123
gauss3,e_efficiency_by_applyruns,nonlinear,exp,overall,1600,1600,1600,128,140,196.178,1.1808561612413215
gauss3,e_efficiency_by_applyruns,nonlinear_precalc,exp,apply,1600,1600,1600,128,150,241.971,1.0
gauss3,e_efficiency_by_applyruns,nonlinear_precalc,exp,overall,1600,1600,1600,128,150,247.951,1.0
gauss3,e_efficiency_by_applyruns,nonlinear,exp,apply,1600,1600,1600,128,150,207.291,1.1673010405661606
gauss3,e_efficiency_by_applyruns,nonlinear,exp,overall,1600,1600,1600,128,150,209.026,1.1862208529082505
gauss3,e_efficiency_by_applyruns,nonlinear_precalc,exp,apply,1600,1600,1600,128,160,257.809,1.0
gauss3,e_efficiency_by_applyruns,nonlinear_precalc,exp,overall,1600,1600,1600,128,160,263.744,1.0
gauss3,e_efficiency_by_applyruns,nonlinear,exp,apply,1600,1600,1600,128,160,221.918,1.1617309096152635
gauss3,e_efficiency_by_applyruns,nonlinear,exp,overall,1600,1600,1600,128,160,223.577,1.1796562258192929
gauss3,e_efficiency_by_applyruns,nonlinear_precalc,exp,apply,1600,1600,1600,128,170,273.961,1.0
gauss3,e_efficiency_by_applyruns,nonlinear_precalc,exp,overall,1600,1600,1600,128,170,279.895,1.0
gauss3,e_efficiency_by_applyruns,nonlinear,exp,apply,1600,1600,1600,128,170,232.212,1.1797882969011078
gauss3,e_efficiency_by_applyruns,nonlinear,exp,overall,1600,1600,1600,128,170,233.989,1.1961887097256707
gauss3,e_efficiency_by_applyruns,nonlinear_precalc,exp,apply,1600,1600,1600,128,180,289.383,1.0
gauss3,e_efficiency_by_applyruns,nonlinear_precalc,exp,overall,1600,1600,1600,128,180,295.315,1.0
gauss3,e_efficiency_by_applyruns,nonlinear,exp,apply,1600,1600,1600,128,180,247.861,1.1675213123484534
gauss3,e_efficiency_by_applyruns,nonlinear,exp,overall,1600,1600,1600,128,180,249.521,1.1835276389562401
gauss3,e_efficiency_by_applyruns,nonlinear_precalc,exp,apply,1600,1600,1600,128,190,305.311,1.0
gauss3,e_efficiency_by_applyruns,nonlinear_precalc,exp,overall,1600,1600,1600,128,190,311.258,1.0
gauss3,e_efficiency_by_applyruns,nonlinear,exp,apply,1600,1600,1600,128,190,264.748,1.1532136220103646
gauss3,e_efficiency_by_applyruns,nonlinear,exp,overall,1600,1600,1600,128,190,266.421,1.1682937906546405
gauss3,e_efficiency_by_applyruns,nonlinear_precalc,exp,apply,1600,1600,1600,128,200,320.585,1.0
gauss3,e_efficiency_by_applyruns,nonlinear_precalc,exp,overall,1600,1600,1600,128,200,326.554,1.0
gauss3,e_efficiency_by_applyruns,nonlinear,exp,apply,1600,1600,1600,128,200,276.265,1.1604256782437152
gauss3,e_efficiency_by_applyruns,nonlinear,exp,overall,1600,1600,1600,128,200,277.926,1.1749674373754164

gauss3,e_efficiency_by_applyruns,nonlinear_precalc,pow4_3,apply,1600,1600,1600,128,1,1.623,1.0
gauss3,e_efficiency_by_applyruns,nonlinear_precalc,pow4_3,overall,1600,1600,1600,128,1,9.93831,1.0
gauss3,e_efficiency_by_applyruns,nonlinear,pow4_3,apply,1600,1600,1600,128,1,3.97818,0.4079755063873429
gauss3,e_efficiency_by_applyruns,nonlinear,pow4_3,overall,1600,1600,1600,128,1,5.67392,1.7515773927020473
gauss3,e_efficiency_by_applyruns,nonlinear_precalc,pow4_3,apply,1600,1600,1600,128,10,16.208,1.0
gauss3,e_efficiency_by_applyruns,nonlinear_precalc,pow4_3,overall,1600,1600,1600,128,10,24.5587,1.0
gauss3,e_efficiency_by_applyruns,nonlinear,pow4_3,apply,1600,1600,1600,128,10,40.3396,0.4017888129778183
gauss3,e_efficiency_by_applyruns,nonlinear,pow4_3,overall,1600,1600,1600,128,10,42.0816,0.5835971065738945
gauss3,e_efficiency_by_applyruns,nonlinear_precalc,pow4_3,apply,1600,1600,1600,128,20,32.349,1.0
gauss3,e_efficiency_by_applyruns,nonlinear_precalc,pow4_3,overall,1600,1600,1600,128,20,40.6722,1.0
gauss3,e_efficiency_by_applyruns,nonlinear,pow4_3,apply,1600,1600,1600,128,20,79.4822,0.4069967867019282
gauss3,e_efficiency_by_applyruns,nonlinear,pow4_3,overall,1600,1600,1600,128,20,81.1833,0.5009921991345511
gauss3,e_efficiency_by_applyruns,nonlinear_precalc,pow4_3,apply,1600,1600,1600,128,30,48.566,1.0
gauss3,e_efficiency_by_applyruns,nonlinear_precalc,pow4_3,overall,1600,1600,1600,128,30,57.0838,1.0
gauss3,e_efficiency_by_applyruns,nonlinear,pow4_3,apply,1600,1600,1600,128,30,118.404,0.4101719536502145
gauss3,e_efficiency_by_applyruns,nonlinear,pow4_3,overall,1600,1600,1600,128,30,120.084,0.4753655774291329
gauss3,e_efficiency_by_applyruns,nonlinear_precalc,pow4_3,apply,1600,1600,1600,128,40,64.666,1.0
gauss3,e_efficiency_by_applyruns,nonlinear_precalc,pow4_3,overall,1600,1600,1600,128,40,72.922,1.0
gauss3,e_efficiency_by_applyruns,nonlinear,pow4_3,apply,1600,1600,1600,128,40,157.465,0.41066903756390305
gauss3,e_efficiency_by_applyruns,nonlinear,pow4_3,overall,1600,1600,1600,128,40,159.134,0.4582427388238843
gauss3,e_efficiency_by_applyruns,nonlinear_precalc,pow4_3,apply,1600,1600,1600,128,50,80.728,1.0
gauss3,e_efficiency_by_applyruns,nonlinear_precalc,pow4_3,overall,1600,1600,1600,128,50,89.0789,1.0
gauss3,e_efficiency_by_applyruns,nonlinear,pow4_3,apply,1600,1600,1600,128,50,197.096,0.40958720623452527
gauss3,e_efficiency_by_applyruns,nonlinear,pow4_3,overall,1600,1600,1600,128,50,198.763,0.4481664092411566
gauss3,e_efficiency_by_applyruns,nonlinear_precalc,pow4_3,apply,1600,1600,1600,128,60,96.923,1.0
gauss3,e_efficiency_by_applyruns,nonlinear_precalc,pow4_3,overall,1600,1600,1600,128,60,105.257,1.0
gauss3,e_efficiency_by_applyruns,nonlinear,pow4_3,apply,1600,1600,1600,128,60,236.64,0.4095799526707235
gauss3,e_efficiency_by_applyruns,nonlinear,pow4_3,overall,1600,1600,1600,128,60,238.306,0.4416884174129061
gauss3,e_efficiency_by_applyruns,nonlinear_precalc,pow4_3,apply,1600,1600,1600,128,70,113.102,1.0
gauss3,e_efficiency_by_applyruns,nonlinear_precalc,pow4_3,overall,1600,1600,1600,128,70,121.433,1.0
gauss3,e_efficiency_by_applyruns,nonlinear,pow4_3,apply,1600,1600,1600,128,70,275.659,0.4102967797169692
gauss3,e_efficiency_by_applyruns,nonlinear,pow4_3,overall,1600,1600,1600,128,70,277.34,0.4378488497872648
gauss3,e_efficiency_by_applyruns,nonlinear_precalc,pow4_3,apply,1600,1600,1600,128,80,129.514,1.0
gauss3,e_efficiency_by_applyruns,nonlinear_precalc,pow4_3,overall,1600,1600,1600,128,80,137.801,1.0
gauss3,e_efficiency_by_applyruns,nonlinear,pow4_3,apply,1600,1600,1600,128,80,314.423,0.41191007019206616
gauss3,e_efficiency_by_applyruns,nonlinear,pow4_3,overall,1600,1600,1600,128,80,316.076,0.43597425935534484
gauss3,e_efficiency_by_applyruns,nonlinear_precalc,pow4_3,apply,1600,1600,1600,128,90,145.703,1.0
gauss3,e_efficiency_by_applyruns,nonlinear_precalc,pow4_3,overall,1600,1600,1600,128,90,154.012,1.0
gauss3,e_efficiency_by_applyruns,nonlinear,pow4_3,apply,1600,1600,1600,128,90,354.185,0.4113754111551873
gauss3,e_efficiency_by_applyruns,nonlinear,pow4_3,overall,1600,1600,1600,128,90,355.852,0.43279790474691726
gauss3,e_efficiency_by_applyruns,nonlinear_precalc,pow4_3,apply,1600,1600,1600,128,100,161.533,1.0
gauss3,e_efficiency_by_applyruns,nonlinear_precalc,pow4_3,overall,1600,1600,1600,128,100,169.936,1.0
gauss3,e_efficiency_by_applyruns,nonlinear,pow4_3,apply,1600,1600,1600,128,100,395.325,0.40860810725352553
gauss3,e_efficiency_by_applyruns,nonlinear,pow4_3,overall,1600,1600,1600,128,100,397.027,0.4280212680749672
