node_id,bench_id,scale,impl_id,region_id,obj_cols,obj_rows,obj_levels,threads,runtime,efficiency
gauss3,e_efficiency_by_threads_weak,weak,linear_stencil,apply,206,206,206,1,0.00753187,1.0
gauss3,e_efficiency_by_threads_weak,weak,linear_stencil,overall,206,206,206,1,0.0266017,1.0
gauss3,e_efficiency_by_threads_weak,weak,linear_stencil,apply,1030,1030,1030,128,1.28979,4.562194960032254e-05
gauss3,e_efficiency_by_threads_weak,weak,linear_stencil,overall,1030,1030,1030,128,3.46851,5.991788440857889e-05
gauss3,e_efficiency_by_threads_weak,weak,linear_stencil,apply,1026,1026,1026,127,1.43791,4.1244627961503835e-05
gauss3,e_efficiency_by_threads_weak,weak,linear_stencil,overall,1026,1026,1026,127,3.59369,5.8286108352253375e-05
gauss3,e_efficiency_by_threads_weak,weak,linear_stencil,apply,1026,1026,1026,126,1.43874,4.154798367442765e-05
gauss3,e_efficiency_by_threads_weak,weak,linear_stencil,overall,1026,1026,1026,126,3.59307,5.875883385923547e-05
gauss3,e_efficiency_by_threads_weak,weak,linear_stencil,apply,1022,1022,1022,125,1.55238,3.881456859789485e-05
gauss3,e_efficiency_by_threads_weak,weak,linear_stencil,overall,1022,1022,1022,125,3.68111,5.781234464604427e-05
gauss3,e_efficiency_by_threads_weak,weak,linear_stencil,apply,1018,1018,1018,124,1.26583,4.7985027291796056e-05
gauss3,e_efficiency_by_threads_weak,weak,linear_stencil,overall,1018,1018,1018,124,3.36841,6.368875484566231e-05
gauss3,e_efficiency_by_threads_weak,weak,linear_stencil,apply,1018,1018,1018,123,1.26459,4.84225839577685e-05
gauss3,e_efficiency_by_threads_weak,weak,linear_stencil,overall,1018,1018,1018,123,3.36691,6.423515441156354e-05
gauss3,e_efficiency_by_threads_weak,weak,linear_stencil,apply,1014,1014,1014,122,1.24175,4.971744662312245e-05
gauss3,e_efficiency_by_threads_weak,weak,linear_stencil,overall,1014,1014,1014,122,3.31906,6.569532376982501e-05
gauss3,e_efficiency_by_threads_weak,weak,linear_stencil,apply,1010,1010,1010,121,1.24263,5.0092834958219454e-05
gauss3,e_efficiency_by_threads_weak,weak,linear_stencil,overall,1010,1010,1010,121,3.29494,6.672314528658443e-05
gauss3,e_efficiency_by_threads_weak,weak,linear_stencil,apply,1010,1010,1010,120,1.25615,4.9966630842919504e-05
gauss3,e_efficiency_by_threads_weak,weak,linear_stencil,overall,1010,1010,1010,120,3.30894,6.699451586711555e-05
gauss3,e_efficiency_by_threads_weak,weak,linear_stencil,apply,1006,1006,1006,119,1.24407,5.087577484392682e-05
gauss3,e_efficiency_by_threads_weak,weak,linear_stencil,overall,1006,1006,1006,119,3.2748,6.826178620953696e-05
gauss3,e_efficiency_by_threads_weak,weak,linear_stencil,apply,1002,1002,1002,118,1.20184,5.310973738572608e-05
gauss3,e_efficiency_by_threads_weak,weak,linear_stencil,overall,1002,1002,1002,118,3.2063,7.031099260618791e-05
gauss3,e_efficiency_by_threads_weak,weak,linear_stencil,apply,998,998,998,117,1.18053,5.453055599176409e-05
gauss3,e_efficiency_by_threads_weak,weak,linear_stencil,overall,998,998,998,117,3.16121,7.192339555580212e-05
gauss3,e_efficiency_by_threads_weak,weak,linear_stencil,apply,998,998,998,116,1.17576,5.5223781888398526e-05
gauss3,e_efficiency_by_threads_weak,weak,linear_stencil,overall,998,998,998,116,3.15627,7.265696534200179e-05
gauss3,e_efficiency_by_threads_weak,weak,linear_stencil,apply,994,994,994,115,1.1569,5.661208552090106e-05
gauss3,e_efficiency_by_threads_weak,weak,linear_stencil,overall,994,994,994,115,3.11658,7.422210578094662e-05
gauss3,e_efficiency_by_threads_weak,weak,linear_stencil,apply,990,990,990,114,1.14559,5.767249634486972e-05
gauss3,e_efficiency_by_threads_weak,weak,linear_stencil,overall,990,990,990,114,3.07555,7.587203772139458e-05
gauss3,e_efficiency_by_threads_weak,weak,linear_stencil,apply,990,990,990,113,1.14474,5.822607475423178e-05
gauss3,e_efficiency_by_threads_weak,weak,linear_stencil,overall,990,990,990,113,3.07614,7.652879073653449e-05
gauss3,e_efficiency_by_threads_weak,weak,linear_stencil,apply,986,986,986,112,1.1322,5.9396607742195976e-05
gauss3,e_efficiency_by_threads_weak,weak,linear_stencil,overall,986,986,986,112,3.04108,7.810224610053948e-05
gauss3,e_efficiency_by_threads_weak,weak,linear_stencil,apply,982,982,982,111,1.12509,6.0310450439240144e-05
gauss3,e_efficiency_by_threads_weak,weak,linear_stencil,overall,982,982,982,111,3.01042,7.960847820402301e-05
gauss3,e_efficiency_by_threads_weak,weak,linear_stencil,apply,978,978,978,110,1.11401,6.14640312515556e-05
gauss3,e_efficiency_by_threads_weak,weak,linear_stencil,overall,978,978,978,110,2.97767,8.121572785555026e-05
gauss3,e_efficiency_by_threads_weak,weak,linear_stencil,apply,978,978,978,109,1.10409,6.258522835153131e-05
gauss3,e_efficiency_by_threads_weak,weak,linear_stencil,overall,978,978,978,109,2.96617,8.227859279069698e-05
gauss3,e_efficiency_by_threads_weak,weak,linear_stencil,apply,974,974,974,108,1.0887,6.405762564254344e-05
gauss3,e_efficiency_by_threads_weak,weak,linear_stencil,overall,974,974,974,108,2.93224,8.400132220999544e-05
gauss3,e_efficiency_by_threads_weak,weak,linear_stencil,apply,970,970,970,107,1.104,6.37602431261005e-05
gauss3,e_efficiency_by_threads_weak,weak,linear_stencil,overall,970,970,970,107,2.92323,8.504771047491601e-05
gauss3,e_efficiency_by_threads_weak,weak,linear_stencil,apply,966,966,966,106,1.10096,6.453947224103562e-05
gauss3,e_efficiency_by_threads_weak,weak,linear_stencil,overall,966,966,966,106,2.89823,8.659058596531819e-05
gauss3,e_efficiency_by_threads_weak,weak,linear_stencil,apply,966,966,966,105,1.10369,6.499297378620378e-05
gauss3,e_efficiency_by_threads_weak,weak,linear_stencil,overall,966,966,966,105,2.89816,8.741736957570452e-05
gauss3,e_efficiency_by_threads_weak,weak,linear_stencil,apply,962,962,962,104,1.04242,6.947470973607273e-05
gauss3,e_efficiency_by_threads_weak,weak,linear_stencil,overall,962,962,962,104,2.81739,9.078813260609178e-05
gauss3,e_efficiency_by_threads_weak,weak,linear_stencil,apply,958,958,958,103,1.02525,7.13240199525098e-05
gauss3,e_efficiency_by_threads_weak,weak,linear_stencil,overall,958,958,958,103,2.77764,9.298142741278025e-05
gauss3,e_efficiency_by_threads_weak,weak,linear_stencil,apply,954,954,954,102,1.06751,6.917205716583268e-05
gauss3,e_efficiency_by_threads_weak,weak,linear_stencil,overall,954,954,954,102,2.79862,9.318913621433307e-05
gauss3,e_efficiency_by_threads_weak,weak,linear_stencil,apply,954,954,954,101,1.06555,6.998542564593845e-05
gauss3,e_efficiency_by_threads_weak,weak,linear_stencil,overall,954,954,954,101,2.79627,9.419089298130426e-05
gauss3,e_efficiency_by_threads_weak,weak,linear_stencil,apply,950,950,950,100,1.01322,7.433597836600147e-05
gauss3,e_efficiency_by_threads_weak,weak,linear_stencil,overall,950,950,950,100,2.72291,9.769584745731589e-05
gauss3,e_efficiency_by_threads_weak,weak,linear_stencil,apply,946,946,946,99,1.00015,7.606808473678443e-05
gauss3,e_efficiency_by_threads_weak,weak,linear_stencil,overall,946,946,946,99,2.68777,9.997285497049242e-05
gauss3,e_efficiency_by_threads_weak,weak,linear_stencil,apply,942,942,942,98,0.986918,7.78745714705078e-05
gauss3,e_efficiency_by_threads_weak,weak,linear_stencil,overall,942,942,942,98,2.65388,0.00010228266476530473
gauss3,e_efficiency_by_threads_weak,weak,linear_stencil,apply,938,938,938,97,0.994291,7.809398287814825e-05
gauss3,e_efficiency_by_threads_weak,weak,linear_stencil,overall,938,938,938,97,2.64058,0.00010385761078888245
gauss3,e_efficiency_by_threads_weak,weak,linear_stencil,apply,938,938,938,96,0.995205,7.88349929578998e-05
gauss3,e_efficiency_by_threads_weak,weak,linear_stencil,overall,938,938,938,96,2.63747,0.00010506320135078946
gauss3,e_efficiency_by_threads_weak,weak,linear_stencil,apply,934,934,934,95,0.983544,8.060934956164967e-05
gauss3,e_efficiency_by_threads_weak,weak,linear_stencil,overall,934,934,934,95,2.60796,0.00010737047145540657
gauss3,e_efficiency_by_threads_weak,weak,linear_stencil,apply,930,930,930,94,0.978727,8.186785139854595e-05
gauss3,e_efficiency_by_threads_weak,weak,linear_stencil,overall,930,930,930,94,2.58494,0.00010947906276766125
gauss3,e_efficiency_by_threads_weak,weak,linear_stencil,apply,926,926,926,93,0.955979,8.471718464774394e-05
gauss3,e_efficiency_by_threads_weak,weak,linear_stencil,overall,926,926,926,93,2.53741,0.00011272903667370923
gauss3,e_efficiency_by_threads_weak,weak,linear_stencil,apply,922,922,922,92,0.938215,8.725947908945502e-05
gauss3,e_efficiency_by_threads_weak,weak,linear_stencil,overall,922,922,922,92,2.50075,0.00011562487775406507
gauss3,e_efficiency_by_threads_weak,weak,linear_stencil,apply,918,918,918,91,0.942368,8.7829597564648e-05
gauss3,e_efficiency_by_threads_weak,weak,linear_stencil,overall,918,918,918,91,2.48506,0.00011763352741035373
gauss3,e_efficiency_by_threads_weak,weak,linear_stencil,apply,918,918,918,90,0.918222,9.114075293822677e-05
gauss3,e_efficiency_by_threads_weak,weak,linear_stencil,overall,918,918,918,90,2.45736,0.00012028129555475977
gauss3,e_efficiency_by_threads_weak,weak,linear_stencil,apply,914,914,914,89,0.925606,9.142956377658395e-05
gauss3,e_efficiency_by_threads_weak,weak,linear_stencil,overall,914,914,914,89,2.44785,0.00012210531920582452
gauss3,e_efficiency_by_threads_weak,weak,linear_stencil,apply,910,910,910,88,0.904918,9.458252771873454e-05
gauss3,e_efficiency_by_threads_weak,weak,linear_stencil,overall,910,910,910,88,2.40673,0.00012560280773271014
gauss3,e_efficiency_by_threads_weak,weak,linear_stencil,apply,906,906,906,87,0.877209,9.869166685568047e-05
gauss3,e_efficiency_by_threads_weak,weak,linear_stencil,overall,906,906,906,87,2.35993,0.00012956598995167936
gauss3,e_efficiency_by_threads_weak,weak,linear_stencil,apply,902,902,902,86,0.848701,0.00010319286028993748
gauss3,e_efficiency_by_threads_weak,weak,linear_stencil,overall,902,902,902,86,2.31272,0.00013374818093986985
gauss3,e_efficiency_by_threads_weak,weak,linear_stencil,apply,898,898,898,85,0.881227,0.00010055324597875195
gauss3,e_efficiency_by_threads_weak,weak,linear_stencil,overall,898,898,898,85,2.3253,0.0001345895912228909
gauss3,e_efficiency_by_threads_weak,weak,linear_stencil,apply,894,894,894,84,0.853198,0.00010509297847348335
gauss3,e_efficiency_by_threads_weak,weak,linear_stencil,overall,894,894,894,84,2.27784,0.00013902947738291747
gauss3,e_efficiency_by_threads_weak,weak,linear_stencil,apply,890,890,890,83,0.808323,0.00011226381246945463
gauss3,e_efficiency_by_threads_weak,weak,linear_stencil,overall,890,890,890,83,2.21472,0.00014471464096524808
gauss3,e_efficiency_by_threads_weak,weak,linear_stencil,apply,890,890,890,82,0.808251,0.00011364300591119801
gauss3,e_efficiency_by_threads_weak,weak,linear_stencil,overall,890,890,890,82,2.21349,0.00014656084988400942
gauss3,e_efficiency_by_threads_weak,weak,linear_stencil,apply,886,886,886,81,0.807201,0.00011519565682242224
gauss3,e_efficiency_by_threads_weak,weak,linear_stencil,overall,886,886,886,81,2.19474,0.0001496377928058522
gauss3,e_efficiency_by_threads_weak,weak,linear_stencil,apply,882,882,882,80,0.808731,0.00011641494514245157
gauss3,e_efficiency_by_threads_weak,weak,linear_stencil,overall,882,882,882,80,2.17506,0.00015287911597840976
gauss3,e_efficiency_by_threads_weak,weak,linear_stencil,apply,878,878,878,79,0.78319,0.00012173307445483022
gauss3,e_efficiency_by_threads_weak,weak,linear_stencil,overall,878,878,878,79,2.13294,0.0001578714730591744
gauss3,e_efficiency_by_threads_weak,weak,linear_stencil,apply,874,874,874,78,0.763367,0.00012649542866987427
gauss3,e_efficiency_by_threads_weak,weak,linear_stencil,overall,874,874,874,78,2.09556,0.00016274763590516897
gauss3,e_efficiency_by_threads_weak,weak,linear_stencil,apply,870,870,870,77,0.785772,0.00012448457505038804
gauss3,e_efficiency_by_threads_weak,weak,linear_stencil,overall,870,870,870,77,2.09692,0.00016475431746400596
gauss3,e_efficiency_by_threads_weak,weak,linear_stencil,apply,866,866,866,76,0.751503,0.00013187379509007808
gauss3,e_efficiency_by_threads_weak,weak,linear_stencil,overall,866,866,866,76,2.04635,0.00017104716613533982
gauss3,e_efficiency_by_threads_weak,weak,linear_stencil,apply,862,862,862,75,0.751627,0.00013361006634052974
gauss3,e_efficiency_by_threads_weak,weak,linear_stencil,overall,862,862,862,75,2.02881,0.00017482629390299403
gauss3,e_efficiency_by_threads_weak,weak,linear_stencil,apply,858,858,858,74,0.737756,0.00013796163911513704
gauss3,e_efficiency_by_threads_weak,weak,linear_stencil,overall,858,858,858,74,1.99951,0.00017978526360579964
gauss3,e_efficiency_by_threads_weak,weak,linear_stencil,apply,854,854,854,73,0.727042,0.00014191243610391563
gauss3,e_efficiency_by_threads_weak,weak,linear_stencil,overall,854,854,854,73,1.96808,0.00018515855519850234
gauss3,e_efficiency_by_threads_weak,weak,linear_stencil,apply,850,850,850,72,0.696883,0.00015011028473295454
gauss3,e_efficiency_by_threads_weak,weak,linear_stencil,overall,850,850,850,72,1.92225,0.00019220603748500744
gauss3,e_efficiency_by_threads_weak,weak,linear_stencil,apply,846,846,846,71,0.687507,0.00015430050320409543
gauss3,e_efficiency_by_threads_weak,weak,linear_stencil,overall,846,846,846,71,1.89376,0.0001978454666831676
gauss3,e_efficiency_by_threads_weak,weak,linear_stencil,apply,842,842,842,70,0.679717,0.0001582984431125643
gauss3,e_efficiency_by_threads_weak,weak,linear_stencil,overall,842,842,842,70,1.86877,0.00020335530092750083
gauss3,e_efficiency_by_threads_weak,weak,linear_stencil,apply,838,838,838,69,0.683095,0.00015979847053760322
gauss3,e_efficiency_by_threads_weak,weak,linear_stencil,overall,838,838,838,69,1.85606,0.00020771520535864735
gauss3,e_efficiency_by_threads_weak,weak,linear_stencil,apply,834,834,834,68,0.673737,0.0001644006401869677
gauss3,e_efficiency_by_threads_weak,weak,linear_stencil,overall,834,834,834,68,1.83032,0.00021373392116582634
gauss3,e_efficiency_by_threads_weak,weak,linear_stencil,apply,830,830,830,67,0.657463,0.00017098448148299407
gauss3,e_efficiency_by_threads_weak,weak,linear_stencil,overall,830,830,830,67,1.79569,0.0002211073729360094
gauss3,e_efficiency_by_threads_weak,weak,linear_stencil,apply,826,826,826,66,0.645635,0.00017675504336698357
gauss3,e_efficiency_by_threads_weak,weak,linear_stencil,overall,826,826,826,66,1.76924,0.00022781310653504364
gauss3,e_efficiency_by_threads_weak,weak,linear_stencil,apply,822,822,822,65,0.626808,0.0001848650991642147
gauss3,e_efficiency_by_threads_weak,weak,linear_stencil,overall,822,822,822,65,1.73477,0.00023591422671415986
gauss3,e_efficiency_by_threads_weak,weak,linear_stencil,apply,818,818,818,64,0.622422,0.00018907665337986125
gauss3,e_efficiency_by_threads_weak,weak,linear_stencil,overall,818,818,818,64,1.71343,0.0002425845015553597
gauss3,e_efficiency_by_threads_weak,weak,linear_stencil,apply,814,814,814,63,0.606283,0.000197190902703015
gauss3,e_efficiency_by_threads_weak,weak,linear_stencil,overall,814,814,814,63,1.67862,0.0002515454399144573
gauss3,e_efficiency_by_threads_weak,weak,linear_stencil,apply,810,810,810,62,0.604723,0.0002008882979373174
gauss3,e_efficiency_by_threads_weak,weak,linear_stencil,overall,810,810,810,62,1.66635,0.0002574847285500374
gauss3,e_efficiency_by_threads_weak,weak,linear_stencil,apply,806,806,806,61,0.60242,0.00020496211727453372
gauss3,e_efficiency_by_threads_weak,weak,linear_stencil,overall,806,806,806,61,1.64427,0.00026522009318600404
gauss3,e_efficiency_by_threads_weak,weak,linear_stencil,apply,802,802,802,60,0.577368,0.00021741968149718494
gauss3,e_efficiency_by_threads_weak,weak,linear_stencil,overall,802,802,802,60,1.60568,0.00027612081278129304
gauss3,e_efficiency_by_threads_weak,weak,linear_stencil,apply,798,798,798,59,0.57373,0.00022250677768170056
gauss3,e_efficiency_by_threads_weak,weak,linear_stencil,overall,798,798,798,59,1.58751,0.0002840147597095078
gauss3,e_efficiency_by_threads_weak,weak,linear_stencil,apply,790,790,790,58,0.532871,0.00024369843280307412
gauss3,e_efficiency_by_threads_weak,weak,linear_stencil,overall,790,790,790,58,1.51579,0.00030258149215920413
gauss3,e_efficiency_by_threads_weak,weak,linear_stencil,apply,786,786,786,57,0.541721,0.00024392273915066723
gauss3,e_efficiency_by_threads_weak,weak,linear_stencil,overall,786,786,786,57,1.50804,0.00030947222303657075
gauss3,e_efficiency_by_threads_weak,weak,linear_stencil,apply,782,782,782,56,0.513175,0.0002620893039829075
gauss3,e_efficiency_by_threads_weak,weak,linear_stencil,overall,782,782,782,56,1.46458,0.0003243457900168356
gauss3,e_efficiency_by_threads_weak,weak,linear_stencil,apply,778,778,778,55,0.514052,0.000266399296003305
gauss3,e_efficiency_by_threads_weak,weak,linear_stencil,overall,778,778,778,55,1.45255,0.0003329780542681992
gauss3,e_efficiency_by_threads_weak,weak,linear_stencil,apply,774,774,774,54,0.515912,0.0002703543900395301
gauss3,e_efficiency_by_threads_weak,weak,linear_stencil,overall,774,774,774,54,1.43852,0.0003424520160123419
gauss3,e_efficiency_by_threads_weak,weak,linear_stencil,apply,770,770,770,53,0.520407,0.0002730761782931074
gauss3,e_efficiency_by_threads_weak,weak,linear_stencil,overall,770,770,770,53,1.43115,0.0003507101756800673
gauss3,e_efficiency_by_threads_weak,weak,linear_stencil,apply,762,762,762,52,0.503654,0.0002875856318944232
gauss3,e_efficiency_by_threads_weak,weak,linear_stencil,overall,762,762,762,52,1.38629,0.0003690217442570846
gauss3,e_efficiency_by_threads_weak,weak,linear_stencil,apply,758,758,758,51,0.466663,0.0003164676125816619
gauss3,e_efficiency_by_threads_weak,weak,linear_stencil,overall,758,758,758,51,1.33619,0.0003903651133329195
gauss3,e_efficiency_by_threads_weak,weak,linear_stencil,apply,754,754,754,50,0.451888,0.00033335118436426725
gauss3,e_efficiency_by_threads_weak,weak,linear_stencil,overall,754,754,754,50,1.30702,0.00040705880552707686
gauss3,e_efficiency_by_threads_weak,weak,linear_stencil,apply,750,750,750,49,0.452641,0.00033958839931217283
gauss3,e_efficiency_by_threads_weak,weak,linear_stencil,overall,750,750,750,49,1.29305,0.00041985370769474794
gauss3,e_efficiency_by_threads_weak,weak,linear_stencil,apply,742,742,742,48,0.425044,0.00036917109365932314
gauss3,e_efficiency_by_threads_weak,weak,linear_stencil,overall,742,742,742,48,1.23959,0.0004470849904672781
gauss3,e_efficiency_by_threads_weak,weak,linear_stencil,apply,738,738,738,47,0.413625,0.00038743439877059985
gauss3,e_efficiency_by_threads_weak,weak,linear_stencil,overall,738,738,738,47,1.2135,0.0004664141879038126
gauss3,e_efficiency_by_threads_weak,weak,linear_stencil,apply,734,734,734,46,0.385467,0.0004247738570301118
gauss3,e_efficiency_by_threads_weak,weak,linear_stencil,overall,734,734,734,46,1.17502,0.0004921599854359555
gauss3,e_efficiency_by_threads_weak,weak,linear_stencil,apply,726,726,726,45,0.368671,0.0004539952664811957
gauss3,e_efficiency_by_threads_weak,weak,linear_stencil,overall,726,726,726,45,1.12989,0.0005231915397860755
gauss3,e_efficiency_by_threads_weak,weak,linear_stencil,apply,722,722,722,44,0.349128,0.0004903040249890116
gauss3,e_efficiency_by_threads_weak,weak,linear_stencil,overall,722,722,722,44,1.09955,0.0005498468381693337
gauss3,e_efficiency_by_threads_weak,weak,linear_stencil,apply,718,718,718,43,0.313433,0.0005588427748254346
gauss3,e_efficiency_by_threads_weak,weak,linear_stencil,overall,718,718,718,43,1.05217,0.0005879698015021447
gauss3,e_efficiency_by_threads_weak,weak,linear_stencil,apply,710,710,710,42,0.322324,0.0005563663831897038
gauss3,e_efficiency_by_threads_weak,weak,linear_stencil,overall,710,710,710,42,1.03429,0.0006123754551661619
gauss3,e_efficiency_by_threads_weak,weak,linear_stencil,apply,706,706,706,41,0.31255,0.0005877592268163924
gauss3,e_efficiency_by_threads_weak,weak,linear_stencil,overall,706,706,706,41,1.01418,0.0006397502920778483
gauss3,e_efficiency_by_threads_weak,weak,linear_stencil,apply,698,698,698,40,0.307519,0.0006123093207248984
gauss3,e_efficiency_by_threads_weak,weak,linear_stencil,overall,698,698,698,40,0.987485,0.0006734709894327509
gauss3,e_efficiency_by_threads_weak,weak,linear_stencil,apply,694,694,694,39,0.285948,0.0006753845866901389
gauss3,e_efficiency_by_threads_weak,weak,linear_stencil,overall,694,694,694,39,0.951337,0.0007169855390832815
gauss3,e_efficiency_by_threads_weak,weak,linear_stencil,apply,686,686,686,38,0.264969,0.0007480388470468541
gauss3,e_efficiency_by_threads_weak,weak,linear_stencil,overall,686,686,686,38,0.910476,0.0007688777483888706
gauss3,e_efficiency_by_threads_weak,weak,linear_stencil,apply,682,682,682,37,0.270782,0.0007517636107793503
gauss3,e_efficiency_by_threads_weak,weak,linear_stencil,overall,682,682,682,37,0.904288,0.0007950618219691789
gauss3,e_efficiency_by_threads_weak,weak,linear_stencil,apply,674,674,674,36,0.255702,0.0008182126503160364
gauss3,e_efficiency_by_threads_weak,weak,linear_stencil,overall,674,674,674,36,0.867097,0.0008521954419299237
gauss3,e_efficiency_by_threads_weak,weak,linear_stencil,apply,670,670,670,35,0.256112,0.0008402428848093246
gauss3,e_efficiency_by_threads_weak,weak,linear_stencil,overall,670,670,670,35,0.856912,0.0008869622218250782
gauss3,e_efficiency_by_threads_weak,weak,linear_stencil,apply,662,662,662,34,0.230854,0.0009595917256590491
gauss3,e_efficiency_by_threads_weak,weak,linear_stencil,overall,662,662,662,34,0.809263,0.0009668092340518109
gauss3,e_efficiency_by_threads_weak,weak,linear_stencil,apply,658,658,658,33,0.2362,0.0009662933312806302
gauss3,e_efficiency_by_threads_weak,weak,linear_stencil,overall,658,658,658,33,0.80464,0.0010018295401820953
gauss3,e_efficiency_by_threads_weak,weak,linear_stencil,apply,650,650,650,32,0.226043,0.001041266208199325
gauss3,e_efficiency_by_threads_weak,weak,linear_stencil,overall,650,650,650,32,0.774449,0.0010734123551066628
gauss3,e_efficiency_by_threads_weak,weak,linear_stencil,apply,642,642,642,31,0.230502,0.0010540626475566233
gauss3,e_efficiency_by_threads_weak,weak,linear_stencil,overall,642,642,642,31,0.75869,0.001131053994172468
gauss3,e_efficiency_by_threads_weak,weak,linear_stencil,apply,634,634,634,30,0.197475,0.0012713626197408954
gauss3,e_efficiency_by_threads_weak,weak,linear_stencil,overall,634,634,634,30,0.70676,0.001254631463768936
gauss3,e_efficiency_by_threads_weak,weak,linear_stencil,apply,630,630,630,29,0.205411,0.0012643901990273831
gauss3,e_efficiency_by_threads_weak,weak,linear_stencil,overall,630,630,630,29,0.704399,0.0013022448924544185
gauss3,e_efficiency_by_threads_weak,weak,linear_stencil,apply,622,622,622,28,0.20233,0.001329488247629403
gauss3,e_efficiency_by_threads_weak,weak,linear_stencil,overall,622,622,622,28,0.682754,0.0013915124836847742
gauss3,e_efficiency_by_threads_weak,weak,linear_stencil,apply,614,614,614,27,0.186038,0.0014994686469868958
gauss3,e_efficiency_by_threads_weak,weak,linear_stencil,overall,614,614,614,27,0.648986,0.0015181346718544748
gauss3,e_efficiency_by_threads_weak,weak,linear_stencil,apply,606,606,606,26,0.17665,0.0016398941845021664
gauss3,e_efficiency_by_threads_weak,weak,linear_stencil,overall,606,606,606,26,0.620685,0.0016484083032332142
gauss3,e_efficiency_by_threads_weak,weak,linear_stencil,apply,598,598,598,25,0.175797,0.001713765308850549
gauss3,e_efficiency_by_threads_weak,weak,linear_stencil,overall,598,598,598,25,0.602301,0.00176667148153498
gauss3,e_efficiency_by_threads_weak,weak,linear_stencil,apply,590,590,590,24,0.161675,0.0019411035513633317
gauss3,e_efficiency_by_threads_weak,weak,linear_stencil,overall,590,590,590,24,0.570965,0.001941282156816384
gauss3,e_efficiency_by_threads_weak,weak,linear_stencil,apply,582,582,582,23,0.164899,0.0019858980872876865
gauss3,e_efficiency_by_threads_weak,weak,linear_stencil,overall,582,582,582,23,0.559435,0.002067435273398899
gauss3,e_efficiency_by_threads_weak,weak,linear_stencil,apply,574,574,574,22,0.157062,0.0021797616691034576
gauss3,e_efficiency_by_threads_weak,weak,linear_stencil,overall,574,574,574,22,0.535129,0.0022595826087133787
gauss3,e_efficiency_by_threads_weak,weak,linear_stencil,apply,566,566,566,21,0.151897,0.0023612084253834915
gauss3,e_efficiency_by_threads_weak,weak,linear_stencil,overall,566,566,566,21,0.514947,0.002459957275307204
gauss3,e_efficiency_by_threads_weak,weak,linear_stencil,apply,554,554,554,20,0.141912,0.0026537114549861885
gauss3,e_efficiency_by_threads_weak,weak,linear_stencil,overall,554,554,554,20,0.482496,0.0027566757030110093
gauss3,e_efficiency_by_threads_weak,weak,linear_stencil,apply,546,546,546,19,0.13093,0.0030276805203262496
gauss3,e_efficiency_by_threads_weak,weak,linear_stencil,overall,546,546,546,19,0.457188,0.0030623933123446164
gauss3,e_efficiency_by_threads_weak,weak,linear_stencil,apply,538,538,538,18,0.124585,0.003358648490767125
gauss3,e_efficiency_by_threads_weak,weak,linear_stencil,overall,538,538,538,18,0.435579,0.0033928913520216127
gauss3,e_efficiency_by_threads_weak,weak,linear_stencil,apply,526,526,526,17,0.121393,0.00364972590240449
gauss3,e_efficiency_by_threads_weak,weak,linear_stencil,overall,526,526,526,17,0.412081,0.003797325968324046
gauss3,e_efficiency_by_threads_weak,weak,linear_stencil,apply,518,518,518,16,0.110488,0.004260570152414742
gauss3,e_efficiency_by_threads_weak,weak,linear_stencil,overall,518,518,518,16,0.388849,0.004275711780151164
gauss3,e_efficiency_by_threads_weak,weak,linear_stencil,apply,506,506,506,15,0.100867,0.004978086655364655
gauss3,e_efficiency_by_threads_weak,weak,linear_stencil,overall,506,506,506,15,0.361144,0.004910635831321209
gauss3,e_efficiency_by_threads_weak,weak,linear_stencil,apply,494,494,494,14,0.100059,0.005376734869284265
gauss3,e_efficiency_by_threads_weak,weak,linear_stencil,overall,494,494,494,14,0.343029,0.005539244287134408
gauss3,e_efficiency_by_threads_weak,weak,linear_stencil,apply,482,482,482,13,0.0904941,0.0064023468423313286
gauss3,e_efficiency_by_threads_weak,weak,linear_stencil,overall,482,482,482,13,0.314762,0.006501053543263213
gauss3,e_efficiency_by_threads_weak,weak,linear_stencil,apply,470,470,470,12,0.0871352,0.007203240864005974
gauss3,e_efficiency_by_threads_weak,weak,linear_stencil,overall,470,470,470,12,0.296092,0.007486890335886593
gauss3,e_efficiency_by_threads_weak,weak,linear_stencil,apply,454,454,454,11,0.0783116,0.008743474204912869
gauss3,e_efficiency_by_threads_weak,weak,linear_stencil,overall,454,454,454,11,0.265889,0.00909528548994642
gauss3,e_efficiency_by_threads_weak,weak,linear_stencil,apply,442,442,442,10,0.0725236,0.010385405578322092
gauss3,e_efficiency_by_threads_weak,weak,linear_stencil,overall,442,442,442,10,0.245444,0.010838195270611625
gauss3,e_efficiency_by_threads_weak,weak,linear_stencil,apply,426,426,426,9,0.0652155,0.012832446955776533
gauss3,e_efficiency_by_threads_weak,weak,linear_stencil,overall,426,426,426,9,0.220062,0.013431416802739429
gauss3,e_efficiency_by_threads_weak,weak,linear_stencil,apply,410,410,410,8,0.0570235,0.01651045183126255
gauss3,e_efficiency_by_threads_weak,weak,linear_stencil,overall,410,410,410,8,0.195661,0.016994763902872825
gauss3,e_efficiency_by_threads_weak,weak,linear_stencil,apply,394,394,394,7,0.0506182,0.021256809380251148
gauss3,e_efficiency_by_threads_weak,weak,linear_stencil,overall,394,394,394,7,0.174124,0.0218249227972184
gauss3,e_efficiency_by_threads_weak,weak,linear_stencil,apply,374,374,374,6,0.045648,0.02749981744362659
gauss3,e_efficiency_by_threads_weak,weak,linear_stencil,overall,374,374,374,6,0.150965,0.029368507049095268
gauss3,e_efficiency_by_threads_weak,weak,linear_stencil,apply,350,350,350,5,0.0353751,0.04258289022504531
gauss3,e_efficiency_by_threads_weak,weak,linear_stencil,overall,350,350,350,5,0.122587,0.04340052370969189
gauss3,e_efficiency_by_threads_weak,weak,linear_stencil,apply,326,326,326,4,0.0296123,0.06358734377268906
gauss3,e_efficiency_by_threads_weak,weak,linear_stencil,overall,326,326,326,4,0.100219,0.06635892395653518
gauss3,e_efficiency_by_threads_weak,weak,linear_stencil,apply,298,298,298,3,0.0227194,0.11050570584317074
gauss3,e_efficiency_by_threads_weak,weak,linear_stencil,overall,298,298,298,3,0.0768691,0.11535497792134074
gauss3,e_efficiency_by_threads_weak,weak,linear_stencil,apply,258,258,258,2,0.0145429,0.2589535099601868
gauss3,e_efficiency_by_threads_weak,weak,linear_stencil,overall,258,258,258,2,0.0510745,0.26042056212004033

gauss3,e_efficiency_by_threads_weak,weak,linear_stencil_firsttouch,apply,206,206,206,1,0.00749057,1.0
gauss3,e_efficiency_by_threads_weak,weak,linear_stencil_firsttouch,overall,206,206,206,1,0.026141,1.0
gauss3,e_efficiency_by_threads_weak,weak,linear_stencil_firsttouch,apply,1030,1030,1030,128,1.93388,3.0260449523755352e-05
gauss3,e_efficiency_by_threads_weak,weak,linear_stencil_firsttouch,overall,1030,1030,1030,128,2.21259,9.23020363013482e-05
gauss3,e_efficiency_by_threads_weak,weak,linear_stencil_firsttouch,apply,1026,1026,1026,127,2.03093,2.9041309223721294e-05
gauss3,e_efficiency_by_threads_weak,weak,linear_stencil_firsttouch,overall,1026,1026,1026,127,2.3249,8.85348383454305e-05
gauss3,e_efficiency_by_threads_weak,weak,linear_stencil_firsttouch,apply,1026,1026,1026,126,2.05863,2.887792767712909e-05
gauss3,e_efficiency_by_threads_weak,weak,linear_stencil_firsttouch,overall,1026,1026,1026,126,2.35513,8.809206029741627e-05
gauss3,e_efficiency_by_threads_weak,weak,linear_stencil_firsttouch,apply,1022,1022,1022,125,2.21389,2.7067541747783312e-05
gauss3,e_efficiency_by_threads_weak,weak,linear_stencil_firsttouch,overall,1022,1022,1022,125,2.50834,8.337306744699682e-05
gauss3,e_efficiency_by_threads_weak,weak,linear_stencil_firsttouch,apply,1018,1018,1018,124,1.91471,3.154933257811635e-05
gauss3,e_efficiency_by_threads_weak,weak,linear_stencil_firsttouch,overall,1018,1018,1018,124,2.18629,9.642568741065104e-05
gauss3,e_efficiency_by_threads_weak,weak,linear_stencil_firsttouch,apply,1018,1018,1018,123,1.93985,3.139363512097889e-05
gauss3,e_efficiency_by_threads_weak,weak,linear_stencil_firsttouch,overall,1018,1018,1018,123,2.21468,9.596350501406652e-05
gauss3,e_efficiency_by_threads_weak,weak,linear_stencil_firsttouch,apply,1014,1014,1014,122,1.85805,3.3044382419255866e-05
gauss3,e_efficiency_by_threads_weak,weak,linear_stencil_firsttouch,overall,1014,1014,1014,122,2.14569,9.986088009138258e-05
gauss3,e_efficiency_by_threads_weak,weak,linear_stencil_firsttouch,apply,1010,1010,1010,121,1.91777,3.2279959114014006e-05
gauss3,e_efficiency_by_threads_weak,weak,linear_stencil_firsttouch,overall,1010,1010,1010,121,2.19562,9.839649953728315e-05
gauss3,e_efficiency_by_threads_weak,weak,linear_stencil_firsttouch,apply,1010,1010,1010,120,1.93587,3.2244632473599296e-05
gauss3,e_efficiency_by_threads_weak,weak,linear_stencil_firsttouch,overall,1010,1010,1010,120,2.21866,9.818614238624517e-05
gauss3,e_efficiency_by_threads_weak,weak,linear_stencil_firsttouch,apply,1006,1006,1006,119,1.91497,3.287047127973526e-05
gauss3,e_efficiency_by_threads_weak,weak,linear_stencil_firsttouch,overall,1006,1006,1006,119,2.19999,9.98514851920068e-05
gauss3,e_efficiency_by_threads_weak,weak,linear_stencil_firsttouch,apply,1002,1002,1002,118,1.83635,3.456825048583386e-05
gauss3,e_efficiency_by_threads_weak,weak,linear_stencil_firsttouch,overall,1002,1002,1002,118,2.10939,0.00010502273088669462
gauss3,e_efficiency_by_threads_weak,weak,linear_stencil_firsttouch,apply,998,998,998,117,1.84698,3.4663053098553213e-05
gauss3,e_efficiency_by_threads_weak,weak,linear_stencil_firsttouch,overall,998,998,998,117,2.13317,0.00010473958963765215
gauss3,e_efficiency_by_threads_weak,weak,linear_stencil_firsttouch,apply,998,998,998,116,1.8557,3.4797585445031435e-05
gauss3,e_efficiency_by_threads_weak,weak,linear_stencil_firsttouch,overall,998,998,998,116,2.14505,0.00010505743375485984
gauss3,e_efficiency_by_threads_weak,weak,linear_stencil_firsttouch,apply,994,994,994,115,1.86789,3.4871106598540506e-05
gauss3,e_efficiency_by_threads_weak,weak,linear_stencil_firsttouch,overall,994,994,994,115,2.13826,0.00010630748528161258
gauss3,e_efficiency_by_threads_weak,weak,linear_stencil_firsttouch,apply,990,990,990,114,1.84536,3.5606469407576256e-05
gauss3,e_efficiency_by_threads_weak,weak,linear_stencil_firsttouch,overall,990,990,990,114,2.11694,0.00010832003625226017
gauss3,e_efficiency_by_threads_weak,weak,linear_stencil_firsttouch,apply,990,990,990,113,1.86147,3.561068944892777e-05
gauss3,e_efficiency_by_threads_weak,weak,linear_stencil_firsttouch,overall,990,990,990,113,2.13571,0.00010831820948810499
gauss3,e_efficiency_by_threads_weak,weak,linear_stencil_firsttouch,apply,986,986,986,112,1.80896,3.6971568904627125e-05
gauss3,e_efficiency_by_threads_weak,weak,linear_stencil_firsttouch,overall,986,986,986,112,2.08805,0.00011177978770349643
gauss3,e_efficiency_by_threads_weak,weak,linear_stencil_firsttouch,apply,982,982,982,111,1.82197,3.703826770617113e-05
gauss3,e_efficiency_by_threads_weak,weak,linear_stencil_firsttouch,overall,982,982,982,111,2.09375,0.00011247976334543499
gauss3,e_efficiency_by_threads_weak,weak,linear_stencil_firsttouch,apply,978,978,978,110,1.76487,3.8584196518208657e-05
gauss3,e_efficiency_by_threads_weak,weak,linear_stencil_firsttouch,overall,978,978,978,110,2.03407,0.00011683248587583248
gauss3,e_efficiency_by_threads_weak,weak,linear_stencil_firsttouch,apply,978,978,978,109,1.77232,3.877450217120689e-05
gauss3,e_efficiency_by_threads_weak,weak,linear_stencil_firsttouch,overall,978,978,978,109,2.04333,0.00011737002249925098
gauss3,e_efficiency_by_threads_weak,weak,linear_stencil_firsttouch,apply,974,974,974,108,1.75968,3.9414626312528206e-05
gauss3,e_efficiency_by_threads_weak,weak,linear_stencil_firsttouch,overall,974,974,974,108,2.04463,0.00011838146574015656
gauss3,e_efficiency_by_threads_weak,weak,linear_stencil_firsttouch,apply,970,970,970,107,1.78552,3.920724892625327e-05
gauss3,e_efficiency_by_threads_weak,weak,linear_stencil_firsttouch,overall,970,970,970,107,2.05386,0.00011895085897527256
gauss3,e_efficiency_by_threads_weak,weak,linear_stencil_firsttouch,apply,966,966,966,106,1.80894,3.906473112263598e-05
gauss3,e_efficiency_by_threads_weak,weak,linear_stencil_firsttouch,overall,966,966,966,106,2.08176,0.00011846380348703492
gauss3,e_efficiency_by_threads_weak,weak,linear_stencil_firsttouch,apply,966,966,966,105,1.79804,3.9675848092790984e-05
gauss3,e_efficiency_by_threads_weak,weak,linear_stencil_firsttouch,overall,966,966,966,105,2.07381,0.0001200504890814032
gauss3,e_efficiency_by_threads_weak,weak,linear_stencil_firsttouch,apply,962,962,962,104,1.74092,4.137163771940212e-05
gauss3,e_efficiency_by_threads_weak,weak,linear_stencil_firsttouch,overall,962,962,962,104,2.02696,0.00012400627996150357
gauss3,e_efficiency_by_threads_weak,weak,linear_stencil_firsttouch,apply,958,958,958,103,1.7333,4.1956949508177626e-05
gauss3,e_efficiency_by_threads_weak,weak,linear_stencil_firsttouch,overall,958,958,958,103,2.02146,0.0001255508971262624
gauss3,e_efficiency_by_threads_weak,weak,linear_stencil_firsttouch,apply,954,954,954,102,1.73556,4.2313121288986687e-05
gauss3,e_efficiency_by_threads_weak,weak,linear_stencil_firsttouch,overall,954,954,954,102,2.02034,0.000126852071297648
gauss3,e_efficiency_by_threads_weak,weak,linear_stencil_firsttouch,apply,954,954,954,101,1.73117,4.2840425496017485e-05
gauss3,e_efficiency_by_threads_weak,weak,linear_stencil_firsttouch,overall,954,954,954,101,2.01823,0.00012824196557291182
gauss3,e_efficiency_by_threads_weak,weak,linear_stencil_firsttouch,apply,950,950,950,100,1.72287,4.3477279191117156e-05
gauss3,e_efficiency_by_threads_weak,weak,linear_stencil_firsttouch,overall,950,950,950,100,1.99455,0.00013106214434333558
gauss3,e_efficiency_by_threads_weak,weak,linear_stencil_firsttouch,apply,946,946,946,99,1.67188,4.5255833691606594e-05
gauss3,e_efficiency_by_threads_weak,weak,linear_stencil_firsttouch,overall,946,946,946,99,1.93637,0.00013636366244597112
gauss3,e_efficiency_by_threads_weak,weak,linear_stencil_firsttouch,apply,942,942,942,98,1.66813,4.582040233980688e-05
gauss3,e_efficiency_by_threads_weak,weak,linear_stencil_firsttouch,overall,942,942,942,98,1.94114,0.00013741662010941183
gauss3,e_efficiency_by_threads_weak,weak,linear_stencil_firsttouch,apply,938,938,938,97,1.71058,4.514396937531167e-05
gauss3,e_efficiency_by_threads_weak,weak,linear_stencil_firsttouch,overall,938,938,938,97,1.98587,0.00013570618689079584
gauss3,e_efficiency_by_threads_weak,weak,linear_stencil_firsttouch,apply,938,938,938,96,1.71038,4.561955286739399e-05
gauss3,e_efficiency_by_threads_weak,weak,linear_stencil_firsttouch,overall,938,938,938,96,1.98923,0.00013688818454041682
gauss3,e_efficiency_by_threads_weak,weak,linear_stencil_firsttouch,apply,934,934,934,95,1.69258,4.6584566320739876e-05
gauss3,e_efficiency_by_threads_weak,weak,linear_stencil_firsttouch,overall,934,934,934,95,1.98084,0.0001389150163832675
gauss3,e_efficiency_by_threads_weak,weak,linear_stencil_firsttouch,apply,930,930,930,94,1.64885,4.832878363320923e-05
gauss3,e_efficiency_by_threads_weak,weak,linear_stencil_firsttouch,overall,930,930,930,94,1.91113,0.00014551377702241662
gauss3,e_efficiency_by_threads_weak,weak,linear_stencil_firsttouch,apply,926,926,926,93,1.62948,4.942912060341963e-05
gauss3,e_efficiency_by_threads_weak,weak,linear_stencil_firsttouch,overall,926,926,926,93,1.90639,0.00014744413341728416
gauss3,e_efficiency_by_threads_weak,weak,linear_stencil_firsttouch,apply,922,922,922,92,1.5972,5.09762328640338e-05
gauss3,e_efficiency_by_threads_weak,weak,linear_stencil_firsttouch,overall,922,922,922,92,1.86658,0.00015222562351885593
gauss3,e_efficiency_by_threads_weak,weak,linear_stencil_firsttouch,apply,918,918,918,91,1.5197,5.4164608833293444e-05
gauss3,e_efficiency_by_threads_weak,weak,linear_stencil_firsttouch,overall,918,918,918,91,1.78547,0.0001608897020189285
gauss3,e_efficiency_by_threads_weak,weak,linear_stencil_firsttouch,apply,918,918,918,90,1.51252,5.502641654692537e-05
gauss3,e_efficiency_by_threads_weak,weak,linear_stencil_firsttouch,overall,918,918,918,90,1.77808,0.00016335347990841556
gauss3,e_efficiency_by_threads_weak,weak,linear_stencil_firsttouch,apply,914,914,914,89,1.52661,5.5131112638570784e-05
gauss3,e_efficiency_by_threads_weak,weak,linear_stencil_firsttouch,overall,914,914,914,89,1.78056,0.00016495883380711435
gauss3,e_efficiency_by_threads_weak,weak,linear_stencil_firsttouch,apply,910,910,910,88,1.49385,5.6980361908065494e-05
gauss3,e_efficiency_by_threads_weak,weak,linear_stencil_firsttouch,overall,910,910,910,88,1.74062,0.00017066149888075407
gauss3,e_efficiency_by_threads_weak,weak,linear_stencil_firsttouch,apply,906,906,906,87,1.47741,5.827665018317627e-05
gauss3,e_efficiency_by_threads_weak,weak,linear_stencil_firsttouch,overall,906,906,906,87,1.73356,0.00017332614063996407
gauss3,e_efficiency_by_threads_weak,weak,linear_stencil_firsttouch,apply,902,902,902,86,1.39045,6.26413399710818e-05
gauss3,e_efficiency_by_threads_weak,weak,linear_stencil_firsttouch,overall,902,902,902,86,1.62808,0.00018670158486012344
gauss3,e_efficiency_by_threads_weak,weak,linear_stencil_firsttouch,apply,898,898,898,85,1.36598,6.451364803377536e-05
gauss3,e_efficiency_by_threads_weak,weak,linear_stencil_firsttouch,overall,898,898,898,85,1.60218,0.00019195170110136706
gauss3,e_efficiency_by_threads_weak,weak,linear_stencil_firsttouch,apply,894,894,894,84,1.33553,6.677008556973814e-05
gauss3,e_efficiency_by_threads_weak,weak,linear_stencil_firsttouch,overall,894,894,894,84,1.57425,0.00019768294804026106
gauss3,e_efficiency_by_threads_weak,weak,linear_stencil_firsttouch,apply,890,890,890,83,1.31151,6.881215646491541e-05
gauss3,e_efficiency_by_threads_weak,weak,linear_stencil_firsttouch,overall,890,890,890,83,1.55218,0.00020290933218371302
gauss3,e_efficiency_by_threads_weak,weak,linear_stencil_firsttouch,apply,890,890,890,82,1.30803,6.983663573017923e-05
gauss3,e_efficiency_by_threads_weak,weak,linear_stencil_firsttouch,overall,890,890,890,82,1.54863,0.00020585464760906693
gauss3,e_efficiency_by_threads_weak,weak,linear_stencil_firsttouch,apply,886,886,886,81,1.31083,7.05478001262606e-05
gauss3,e_efficiency_by_threads_weak,weak,linear_stencil_firsttouch,overall,886,886,886,81,1.55229,0.00020790470534611986
gauss3,e_efficiency_by_threads_weak,weak,linear_stencil_firsttouch,apply,882,882,882,80,1.29787,7.21429149298466e-05
gauss3,e_efficiency_by_threads_weak,weak,linear_stencil_firsttouch,overall,882,882,882,80,1.52989,0.00021358561726660087
gauss3,e_efficiency_by_threads_weak,weak,linear_stencil_firsttouch,apply,878,878,878,79,1.27838,7.416991956394178e-05
gauss3,e_efficiency_by_threads_weak,weak,linear_stencil_firsttouch,overall,878,878,878,79,1.51658,0.00021818745742210448
gauss3,e_efficiency_by_threads_weak,weak,linear_stencil_firsttouch,apply,874,874,874,78,1.2347,7.77783661763576e-05
gauss3,e_efficiency_by_threads_weak,weak,linear_stencil_firsttouch,overall,874,874,874,78,1.47073,0.00022787393038900793
gauss3,e_efficiency_by_threads_weak,weak,linear_stencil_firsttouch,apply,870,870,870,77,1.26441,7.693717217526741e-05
gauss3,e_efficiency_by_threads_weak,weak,linear_stencil_firsttouch,overall,870,870,870,77,1.50144,0.00022611193686960948
gauss3,e_efficiency_by_threads_weak,weak,linear_stencil_firsttouch,apply,866,866,866,76,1.22424,8.050719759111561e-05
gauss3,e_efficiency_by_threads_weak,weak,linear_stencil_firsttouch,overall,866,866,866,76,1.44647,0.00023779305918255442
gauss3,e_efficiency_by_threads_weak,weak,linear_stencil_firsttouch,apply,862,862,862,75,1.23113,8.112406217594135e-05
gauss3,e_efficiency_by_threads_weak,weak,linear_stencil_firsttouch,overall,862,862,862,75,1.4565,0.0002393042682229088
gauss3,e_efficiency_by_threads_weak,weak,linear_stencil_firsttouch,apply,858,858,858,74,1.17682,8.601478469002816e-05
gauss3,e_efficiency_by_threads_weak,weak,linear_stencil_firsttouch,overall,858,858,858,74,1.39561,0.00025311996672190424
gauss3,e_efficiency_by_threads_weak,weak,linear_stencil_firsttouch,apply,854,854,854,73,1.16837,8.782367567226605e-05
gauss3,e_efficiency_by_threads_weak,weak,linear_stencil_firsttouch,overall,854,854,854,73,1.40032,0.00025572432759009294
gauss3,e_efficiency_by_threads_weak,weak,linear_stencil_firsttouch,apply,850,850,850,72,1.11331,9.344719300504302e-05
gauss3,e_efficiency_by_threads_weak,weak,linear_stencil_firsttouch,overall,850,850,850,72,1.33653,0.000271650800539041
gauss3,e_efficiency_by_threads_weak,weak,linear_stencil_firsttouch,apply,846,846,846,71,1.11488,9.46299026940056e-05
gauss3,e_efficiency_by_threads_weak,weak,linear_stencil_firsttouch,overall,846,846,846,71,1.32914,0.0002770085157256191
gauss3,e_efficiency_by_threads_weak,weak,linear_stencil_firsttouch,apply,842,842,842,70,1.07758,9.93041285632091e-05
gauss3,e_efficiency_by_threads_weak,weak,linear_stencil_firsttouch,overall,842,842,842,70,1.28032,0.00029167931231477846
gauss3,e_efficiency_by_threads_weak,weak,linear_stencil_firsttouch,apply,838,838,838,69,1.08007,0.0001005110645673395
gauss3,e_efficiency_by_threads_weak,weak,linear_stencil_firsttouch,overall,838,838,838,69,1.27026,0.00029825002162058804
gauss3,e_efficiency_by_threads_weak,weak,linear_stencil_firsttouch,apply,834,834,834,68,1.05619,0.00010429509953367348
gauss3,e_efficiency_by_threads_weak,weak,linear_stencil_firsttouch,overall,834,834,834,68,1.2338,0.00031157924346590643
gauss3,e_efficiency_by_threads_weak,weak,linear_stencil_firsttouch,apply,830,830,830,67,1.01231,0.0001104400354029951
gauss3,e_efficiency_by_threads_weak,weak,linear_stencil_firsttouch,overall,830,830,830,67,1.17607,0.0003317525139698127
gauss3,e_efficiency_by_threads_weak,weak,linear_stencil_firsttouch,apply,826,826,826,66,0.984096,0.00011532765588772322
gauss3,e_efficiency_by_threads_weak,weak,linear_stencil_firsttouch,overall,826,826,826,66,1.13332,0.0003494827211870942
gauss3,e_efficiency_by_threads_weak,weak,linear_stencil_firsttouch,apply,822,822,822,65,0.971256,0.00011865001447768505
gauss3,e_efficiency_by_threads_weak,weak,linear_stencil_firsttouch,overall,822,822,822,65,1.11049,0.0003621547521987868
gauss3,e_efficiency_by_threads_weak,weak,linear_stencil_firsttouch,apply,818,818,818,64,0.961738,0.00012169650804065141
gauss3,e_efficiency_by_threads_weak,weak,linear_stencil_firsttouch,overall,818,818,818,64,1.07137,0.0003812437579921036
gauss3,e_efficiency_by_threads_weak,weak,linear_stencil_firsttouch,apply,814,814,814,63,0.944665,0.00012586254016814057
gauss3,e_efficiency_by_threads_weak,weak,linear_stencil_firsttouch,overall,814,814,814,63,1.07186,0.00038711819448109636
gauss3,e_efficiency_by_threads_weak,weak,linear_stencil_firsttouch,apply,810,810,810,62,0.955914,0.00012638756746034718
gauss3,e_efficiency_by_threads_weak,weak,linear_stencil_firsttouch,overall,810,810,810,62,1.08106,0.0003900144601206821
gauss3,e_efficiency_by_threads_weak,weak,linear_stencil_firsttouch,apply,806,806,806,61,0.92537,0.00013269960070911823
gauss3,e_efficiency_by_threads_weak,weak,linear_stencil_firsttouch,overall,806,806,806,61,1.05193,0.0004073854568332088
gauss3,e_efficiency_by_threads_weak,weak,linear_stencil_firsttouch,apply,802,802,802,60,0.904744,0.0001379869148989475
gauss3,e_efficiency_by_threads_weak,weak,linear_stencil_firsttouch,overall,802,802,802,60,1.02697,0.00042424153902580734
gauss3,e_efficiency_by_threads_weak,weak,linear_stencil_firsttouch,apply,798,798,798,59,0.915299,0.00013870747543624765
gauss3,e_efficiency_by_threads_weak,weak,linear_stencil_firsttouch,overall,798,798,798,59,1.04232,0.0004250784755259129
gauss3,e_efficiency_by_threads_weak,weak,linear_stencil_firsttouch,apply,790,790,790,58,0.846347,0.00015259433615371672
gauss3,e_efficiency_by_threads_weak,weak,linear_stencil_firsttouch,overall,790,790,790,58,0.967693,0.000465754011397958
gauss3,e_efficiency_by_threads_weak,weak,linear_stencil_firsttouch,apply,786,786,786,57,0.862012,0.00015244974405452573
gauss3,e_efficiency_by_threads_weak,weak,linear_stencil_firsttouch,overall,786,786,786,57,0.987187,0.00046456652598516723
gauss3,e_efficiency_by_threads_weak,weak,linear_stencil_firsttouch,apply,782,782,782,56,0.832292,0.00016071304130212542
gauss3,e_efficiency_by_threads_weak,weak,linear_stencil_firsttouch,overall,782,782,782,56,0.953942,0.0004893416700685906
gauss3,e_efficiency_by_threads_weak,weak,linear_stencil_firsttouch,apply,778,778,778,55,0.831729,0.00016374586171479148
gauss3,e_efficiency_by_threads_weak,weak,linear_stencil_firsttouch,overall,778,778,778,55,0.957257,0.0004965133805142288
gauss3,e_efficiency_by_threads_weak,weak,linear_stencil_firsttouch,apply,774,774,774,54,0.814773,0.0001702489641400234
gauss3,e_efficiency_by_threads_weak,weak,linear_stencil_firsttouch,overall,774,774,774,54,0.937005,0.0005166382170773824
gauss3,e_efficiency_by_threads_weak,weak,linear_stencil_firsttouch,apply,770,770,770,53,0.798509,0.00017699425984423752
gauss3,e_efficiency_by_threads_weak,weak,linear_stencil_firsttouch,overall,770,770,770,53,0.924397,0.0005335655731188436
gauss3,e_efficiency_by_threads_weak,weak,linear_stencil_firsttouch,apply,762,762,762,52,0.786453,0.0001831634224510849
gauss3,e_efficiency_by_threads_weak,weak,linear_stencil_firsttouch,overall,762,762,762,52,0.899629,0.0005587987253207027
gauss3,e_efficiency_by_threads_weak,weak,linear_stencil_firsttouch,apply,758,758,758,51,0.742285,0.00019786729028422703
gauss3,e_efficiency_by_threads_weak,weak,linear_stencil_firsttouch,overall,758,758,758,51,0.857665,0.0005976326741221577
gauss3,e_efficiency_by_threads_weak,weak,linear_stencil_firsttouch,apply,754,754,754,50,0.718184,0.00020859751818475485
gauss3,e_efficiency_by_threads_weak,weak,linear_stencil_firsttouch,overall,754,754,754,50,0.828548,0.0006310074974533763
gauss3,e_efficiency_by_threads_weak,weak,linear_stencil_firsttouch,apply,750,750,750,49,0.69235,0.00022079696036716122
gauss3,e_efficiency_by_threads_weak,weak,linear_stencil_firsttouch,overall,750,750,750,49,0.803742,0.000663757519102358
gauss3,e_efficiency_by_threads_weak,weak,linear_stencil_firsttouch,apply,742,742,742,48,0.686692,0.00022725405519019687
gauss3,e_efficiency_by_threads_weak,weak,linear_stencil_firsttouch,overall,742,742,742,48,0.795441,0.0006846568968241097
gauss3,e_efficiency_by_threads_weak,weak,linear_stencil_firsttouch,apply,738,738,738,47,0.655807,0.0002430194093494489
gauss3,e_efficiency_by_threads_weak,weak,linear_stencil_firsttouch,overall,738,738,738,47,0.763769,0.0007282195131796422
gauss3,e_efficiency_by_threads_weak,weak,linear_stencil_firsttouch,apply,734,734,734,46,0.605484,0.0002689393580356699
gauss3,e_efficiency_by_threads_weak,weak,linear_stencil_firsttouch,overall,734,734,734,46,0.713571,0.0007963925225319587
gauss3,e_efficiency_by_threads_weak,weak,linear_stencil_firsttouch,apply,726,726,726,45,0.54129,0.0003075192800737333
gauss3,e_efficiency_by_threads_weak,weak,linear_stencil_firsttouch,overall,726,726,726,45,0.63618,0.0009131238189052015
gauss3,e_efficiency_by_threads_weak,weak,linear_stencil_firsttouch,apply,722,722,722,44,0.530145,0.00032112012236789423
gauss3,e_efficiency_by_threads_weak,weak,linear_stencil_firsttouch,overall,722,722,722,44,0.613815,0.0009679034177457969
gauss3,e_efficiency_by_threads_weak,weak,linear_stencil_firsttouch,apply,718,718,718,43,0.456452,0.0003816377238473737
gauss3,e_efficiency_by_threads_weak,weak,linear_stencil_firsttouch,overall,718,718,718,43,0.535318,0.0011356431738856897
gauss3,e_efficiency_by_threads_weak,weak,linear_stencil_firsttouch,apply,710,710,710,42,0.488881,0.00036480637366128926
gauss3,e_efficiency_by_threads_weak,weak,linear_stencil_firsttouch,overall,710,710,710,42,0.56875,0.0010943380429094716
gauss3,e_efficiency_by_threads_weak,weak,linear_stencil_firsttouch,apply,706,706,706,41,0.461422,0.00039594303970832056
gauss3,e_efficiency_by_threads_weak,weak,linear_stencil_firsttouch,overall,706,706,706,41,0.541509,0.001177423396201464
gauss3,e_efficiency_by_threads_weak,weak,linear_stencil_firsttouch,apply,698,698,698,40,0.475026,0.00039421894801547705
gauss3,e_efficiency_by_threads_weak,weak,linear_stencil_firsttouch,overall,698,698,698,40,0.5538,0.0011800740339472735
gauss3,e_efficiency_by_threads_weak,weak,linear_stencil_firsttouch,apply,694,694,694,39,0.424889,0.0004520378203151822
gauss3,e_efficiency_by_threads_weak,weak,linear_stencil_firsttouch,overall,694,694,694,39,0.5022,0.0013346914601394888
gauss3,e_efficiency_by_threads_weak,weak,linear_stencil_firsttouch,apply,686,686,686,38,0.395183,0.0004988075477889857
gauss3,e_efficiency_by_threads_weak,weak,linear_stencil_firsttouch,overall,686,686,686,38,0.47374,0.0014521067518714463
gauss3,e_efficiency_by_threads_weak,weak,linear_stencil_firsttouch,apply,682,682,682,37,0.405875,0.0004987935641215592
gauss3,e_efficiency_by_threads_weak,weak,linear_stencil_firsttouch,overall,682,682,682,37,0.48295,0.0014629123377441007
gauss3,e_efficiency_by_threads_weak,weak,linear_stencil_firsttouch,apply,674,674,674,36,0.372935,0.0005579293680906562
gauss3,e_efficiency_by_threads_weak,weak,linear_stencil_firsttouch,overall,674,674,674,36,0.446813,0.0016251516605132101
gauss3,e_efficiency_by_threads_weak,weak,linear_stencil_firsttouch,apply,670,670,670,35,0.388765,0.0005505029663531586
gauss3,e_efficiency_by_threads_weak,weak,linear_stencil_firsttouch,overall,670,670,670,35,0.455285,0.0016404795112637453
gauss3,e_efficiency_by_threads_weak,weak,linear_stencil_firsttouch,apply,662,662,662,34,0.348279,0.0006325701014213926
gauss3,e_efficiency_by_threads_weak,weak,linear_stencil_firsttouch,overall,662,662,662,34,0.411859,0.0018667867915390236
gauss3,e_efficiency_by_threads_weak,weak,linear_stencil_firsttouch,apply,658,658,658,33,0.340291,0.0006670378284966975
gauss3,e_efficiency_by_threads_weak,weak,linear_stencil_firsttouch,overall,658,658,658,33,0.402756,0.001966827347454824
gauss3,e_efficiency_by_threads_weak,weak,linear_stencil_firsttouch,apply,650,650,650,32,0.323224,0.000724204615065713
gauss3,e_efficiency_by_threads_weak,weak,linear_stencil_firsttouch,overall,650,650,650,32,0.376677,0.0021687181590593534
gauss3,e_efficiency_by_threads_weak,weak,linear_stencil_firsttouch,apply,642,642,642,31,0.334375,0.000722635634609587
gauss3,e_efficiency_by_threads_weak,weak,linear_stencil_firsttouch,overall,642,642,642,31,0.386414,0.002182265819861933
gauss3,e_efficiency_by_threads_weak,weak,linear_stencil_firsttouch,apply,634,634,634,30,0.297144,0.0008402850694163997
gauss3,e_efficiency_by_threads_weak,weak,linear_stencil_firsttouch,overall,634,634,634,30,0.348346,0.0025014401390188686
gauss3,e_efficiency_by_threads_weak,weak,linear_stencil_firsttouch,apply,630,630,630,29,0.302831,0.0008529361830241267
gauss3,e_efficiency_by_threads_weak,weak,linear_stencil_firsttouch,overall,630,630,630,29,0.354387,0.0025435859472933498
gauss3,e_efficiency_by_threads_weak,weak,linear_stencil_firsttouch,apply,622,622,622,28,0.290701,0.0009202595008027394
gauss3,e_efficiency_by_threads_weak,weak,linear_stencil_firsttouch,overall,622,622,622,28,0.339442,0.0027504172814711877
gauss3,e_efficiency_by_threads_weak,weak,linear_stencil_firsttouch,apply,614,614,614,27,0.267822,0.001035869041820756
gauss3,e_efficiency_by_threads_weak,weak,linear_stencil_firsttouch,overall,614,614,614,27,0.315078,0.0030728428680681773
gauss3,e_efficiency_by_threads_weak,weak,linear_stencil_firsttouch,apply,606,606,606,26,0.25532,0.0011283833861579437
gauss3,e_efficiency_by_threads_weak,weak,linear_stencil_firsttouch,overall,606,606,606,26,0.300845,0.003341996964958956
gauss3,e_efficiency_by_threads_weak,weak,linear_stencil_firsttouch,apply,598,598,598,25,0.250167,0.0011976911423169324
gauss3,e_efficiency_by_threads_weak,weak,linear_stencil_firsttouch,overall,598,598,598,25,0.295173,0.0035424649273476908
gauss3,e_efficiency_by_threads_weak,weak,linear_stencil_firsttouch,apply,590,590,590,24,0.236751,0.001318292566170083
gauss3,e_efficiency_by_threads_weak,weak,linear_stencil_firsttouch,overall,590,590,590,24,0.281383,0.0038709102303029442
gauss3,e_efficiency_by_threads_weak,weak,linear_stencil_firsttouch,apply,582,582,582,23,0.238051,0.001368097409890062
gauss3,e_efficiency_by_threads_weak,weak,linear_stencil_firsttouch,overall,582,582,582,23,0.277242,0.004099541979178135
gauss3,e_efficiency_by_threads_weak,weak,linear_stencil_firsttouch,apply,574,574,574,22,0.225582,0.0015093422992324501
gauss3,e_efficiency_by_threads_weak,weak,linear_stencil_firsttouch,overall,574,574,574,22,0.264364,0.0044946636937225675
gauss3,e_efficiency_by_threads_weak,weak,linear_stencil_firsttouch,apply,566,566,566,21,0.213997,0.0016668168690393303
gauss3,e_efficiency_by_threads_weak,weak,linear_stencil_firsttouch,overall,566,566,566,21,0.252432,0.004931266732464679
gauss3,e_efficiency_by_threads_weak,weak,linear_stencil_firsttouch,apply,554,554,554,20,0.206132,0.0018169352647817902
gauss3,e_efficiency_by_threads_weak,weak,linear_stencil_firsttouch,overall,554,554,554,20,0.243087,0.005376881528012604
gauss3,e_efficiency_by_threads_weak,weak,linear_stencil_firsttouch,apply,546,546,546,19,0.190548,0.0020689827566586346
gauss3,e_efficiency_by_threads_weak,weak,linear_stencil_firsttouch,overall,546,546,546,19,0.226117,0.006084646909622708
gauss3,e_efficiency_by_threads_weak,weak,linear_stencil_firsttouch,apply,538,538,538,18,0.183775,0.0022644145165434787
gauss3,e_efficiency_by_threads_weak,weak,linear_stencil_firsttouch,overall,538,538,538,18,0.218529,0.006645698180917763
gauss3,e_efficiency_by_threads_weak,weak,linear_stencil_firsttouch,apply,526,526,526,17,0.181045,0.002433769309872586
gauss3,e_efficiency_by_threads_weak,weak,linear_stencil_firsttouch,overall,526,526,526,17,0.215093,0.007149028012780245
gauss3,e_efficiency_by_threads_weak,weak,linear_stencil_firsttouch,apply,518,518,518,16,0.166691,0.002808553701159631
gauss3,e_efficiency_by_threads_weak,weak,linear_stencil_firsttouch,overall,518,518,518,16,0.196144,0.00832965831226038
gauss3,e_efficiency_by_threads_weak,weak,linear_stencil_firsttouch,apply,506,506,506,15,0.149753,0.003334633251643262
gauss3,e_efficiency_by_threads_weak,weak,linear_stencil_firsttouch,overall,506,506,506,15,0.178231,0.0097779473454861
gauss3,e_efficiency_by_threads_weak,weak,linear_stencil_firsttouch,apply,494,494,494,14,0.147531,0.0036266324656222377
gauss3,e_efficiency_by_threads_weak,weak,linear_stencil_firsttouch,overall,494,494,494,14,0.175668,0.010629222657025103
gauss3,e_efficiency_by_threads_weak,weak,linear_stencil_firsttouch,apply,482,482,482,13,0.132996,0.004332443775058591
gauss3,e_efficiency_by_threads_weak,weak,linear_stencil_firsttouch,overall,482,482,482,13,0.160185,0.012553273738777999
gauss3,e_efficiency_by_threads_weak,weak,linear_stencil_firsttouch,apply,470,470,470,12,0.127921,0.004879684857581372
gauss3,e_efficiency_by_threads_weak,weak,linear_stencil_firsttouch,overall,470,470,470,12,0.154931,0.014060560292431254
gauss3,e_efficiency_by_threads_weak,weak,linear_stencil_firsttouch,apply,454,454,454,11,0.111587,0.006102511126662685
gauss3,e_efficiency_by_threads_weak,weak,linear_stencil_firsttouch,overall,454,454,454,11,0.137251,0.0173146610622476
gauss3,e_efficiency_by_threads_weak,weak,linear_stencil_firsttouch,apply,442,442,442,10,0.107135,0.006991711392168759
gauss3,e_efficiency_by_threads_weak,weak,linear_stencil_firsttouch,overall,442,442,442,10,0.131531,0.0198744022321734
gauss3,e_efficiency_by_threads_weak,weak,linear_stencil_firsttouch,apply,426,426,426,9,0.0930005,0.008949258934689121
gauss3,e_efficiency_by_threads_weak,weak,linear_stencil_firsttouch,overall,426,426,426,9,0.117131,0.024797496440357853
gauss3,e_efficiency_by_threads_weak,weak,linear_stencil_firsttouch,apply,410,410,410,8,0.0840527,0.011139692716593281
gauss3,e_efficiency_by_threads_weak,weak,linear_stencil_firsttouch,overall,410,410,410,8,0.106754,0.030608923319032543
gauss3,e_efficiency_by_threads_weak,weak,linear_stencil_firsttouch,apply,394,394,394,7,0.0726097,0.014737444564175703
gauss3,e_efficiency_by_threads_weak,weak,linear_stencil_firsttouch,overall,394,394,394,7,0.0943636,0.03957488450449719
gauss3,e_efficiency_by_threads_weak,weak,linear_stencil_firsttouch,apply,374,374,374,6,0.0658948,0.01894577923194749
gauss3,e_efficiency_by_threads_weak,weak,linear_stencil_firsttouch,overall,374,374,374,6,0.0869651,0.05009864110238858
gauss3,e_efficiency_by_threads_weak,weak,linear_stencil_firsttouch,apply,350,350,350,5,0.0499555,0.029988970183463286
gauss3,e_efficiency_by_threads_weak,weak,linear_stencil_firsttouch,overall,350,350,350,5,0.0702977,0.07437227676012159
gauss3,e_efficiency_by_threads_weak,weak,linear_stencil_firsttouch,apply,326,326,326,4,0.0455134,0.04114486063445051
gauss3,e_efficiency_by_threads_weak,weak,linear_stencil_firsttouch,overall,326,326,326,4,0.0655385,0.09971619734964944
gauss3,e_efficiency_by_threads_weak,weak,linear_stencil_firsttouch,apply,298,298,298,3,0.0315513,0.0791364117062266
gauss3,e_efficiency_by_threads_weak,weak,linear_stencil_firsttouch,overall,298,298,298,3,0.0514496,0.1693631566944479
gauss3,e_efficiency_by_threads_weak,weak,linear_stencil_firsttouch,apply,258,258,258,2,0.0223609,0.16749258750765847
gauss3,e_efficiency_by_threads_weak,weak,linear_stencil_firsttouch,overall,258,258,258,2,0.0408785,0.3197402057316193
